,time,min,avg,max,norm_factor
0,1712306088.1338346,0.285,0.42717,0.498,0.4989
1,1712306211.2854805,0.044,0.39099,0.478,0.49904000000000004
2,1712306333.8948991,0.422,0.50254,0.526,0.5115999999999999
3,1712306434.321442,0.297,0.49878,0.526,0.5013
4,1712306693.457558,0.108,0.41561,0.494,0.49778
5,1712306871.2232425,0.06,0.38697,0.482,0.492
6,1712307060.0417888,0.06,0.38571,0.502,0.49929
7,1712307237.8640764,0.414,0.51209,0.526,0.51235
8,1712307638.2091398,0.257,0.50832,0.534,0.48346
9,1712307738.6149669,0.088,0.32943,0.478,0.48748
10,1712307916.3950164,0.104,0.44802,0.502,0.50331
11,1712308094.1462922,0.386,0.50305,0.522,0.50054
12,1712308161.3197849,0.088,0.40782,0.502,0.51637
13,1712308616.9018376,0.43,0.51837,0.53,0.5111
14,1712308684.126534,0.084,0.39174,0.506,0.49904000000000004
15,1712308839.7866917,0.068,0.32465,0.486,0.49728
16,1712309028.700871,0.096,0.39551,0.494,0.51436
17,1712309206.50715,0.398,0.51712,0.53,0.50482
18,1712309606.9137118,0.35,0.52063,0.534,0.49652
19,1712309707.326662,0.036,0.36586,0.458,0.49024
20,1712309896.1353512,0.092,0.42817,0.502,0.49803
21,1712310073.87038,0.052,0.36159,0.498,0.5013
22,1712310251.6227944,0.37,0.48747,0.522,0.48622
23,1712310651.9898212,0.044,0.35079,0.478,0.50306
24,1712310840.8132682,0.096,0.38747,0.486,0.50029
25,1712311018.5475557,0.337,0.40506,0.506,0.50507
26,1712311196.3366745,0.39,0.51561,0.53,0.5023
27,1712311296.8167713,0.366,0.51963,0.534,0.49778
28,1712311697.1955662,0.088,0.43169,0.498,0.49326
29,1712311874.9621236,0.374,0.50053,0.53,0.49904000000000004
30,1712311942.167594,0.036,0.35129,0.494,0.50733
31,1712312131.0123754,0.096,0.39852,0.474,0.50004
32,1712312308.72335,0.132,0.40757,0.498,0.5013
33,1712312786.4435241,0.37,0.51435,0.53,0.50431
34,1712312897.8596644,0.076,0.43244,0.51,0.49778
35,1712313075.5975208,0.116,0.38671,0.498,0.49527
36,1712313253.371705,0.072,0.36511,0.474,0.4925
37,1712313442.2594664,0.048,0.41486,0.494,0.49351
38,1712313931.082573,0.08,0.41536,0.498,0.49728
39,1712314108.8669775,0.088,0.39249,0.502,0.49929
40,1712314286.566796,0.08,0.41435,0.498,0.50507
41,1712314442.216847,0.06,0.35933,0.502,0.48924
42,1712314597.7750146,0.173,0.42114,0.502,0.49978999999999996
43,1712315086.5841048,0.084,0.45405,0.51,0.49426
44,1712315264.2966206,0.064,0.32968,0.438,0.50029
45,1712315442.0195491,0.084,0.40832,0.502,0.4817
46,1712315597.6709495,0.06,0.37717,0.442,0.49351
47,1712315753.3226712,0.205,0.42013,0.494,0.49376
48,1712316242.1083848,0.096,0.38822,0.494,0.49376
49,1712316419.827453,0.06,0.38973,0.506,0.49778
50,1712316597.5706172,0.128,0.42465,0.494,0.51286
51,1712316753.2320511,0.072,0.40958,0.51,0.50029
52,1712316908.9024477,0.124,0.39903,0.486,0.49728
53,1712317364.4907818,0.076,0.3847,0.494,0.49477
54,1712317520.0925736,0.112,0.40656,0.51,0.492
55,1712317675.725808,0.072,0.38043,0.502,0.50708
56,1712317853.4338434,0.084,0.41184,0.518,0.49376
57,1712318009.0631278,0.076,0.38722,0.502,0.49678
58,1712318464.688201,0.161,0.39702,0.494,0.49401
59,1712318620.2696335,0.092,0.38068,0.478,0.48899
60,1712318775.8971024,0.064,0.40581,0.51,0.50833
61,1712318931.543649,0.132,0.44425,0.506,0.4817
62,1712319087.1887803,0.132,0.41586,0.514,0.50607
63,1712319531.7687204,0.06,0.35656,0.486,0.49702999999999997
64,1712319687.3431542,0.068,0.41687,0.51,0.50431
65,1712319842.9664855,0.084,0.39325,0.502,0.49878999999999996
66,1712319998.5728953,0.153,0.41712,0.494,0.49552
67,1712320154.1748765,0.06,0.39224,0.486,0.49351
68,1712320609.7788732,0.064,0.40631,0.522,0.49401
69,1712320765.485162,0.06,0.37968,0.502,0.50306
70,1712320921.3314672,0.064,0.3842,0.506,0.48019
71,1712321077.435023,0.064,0.40506,0.486,0.50607
72,1712321233.4270835,0.064,0.40832,0.514,0.49853000000000003
73,1712321678.5440474,0.064,0.38621,0.502,0.49527
74,1712321834.5276842,0.145,0.39375,0.498,0.49451
75,1712321990.678773,0.076,0.3847,0.49,0.48672
76,1712322146.8369246,0.036,0.38244,0.458,0.50884
77,1712322302.6781938,0.136,0.38998,0.498,0.49401
78,1712322758.7569246,0.032,0.3337,0.506,0.49527
79,1712322914.981688,0.044,0.3342,0.47,0.492
80,1712323071.1013386,0.076,0.36335,0.462,0.47291
81,1712323216.190124,0.088,0.42767,0.494,0.49954
82,1712323372.4745455,0.028,0.32867,0.514,0.48396
83,1712323828.21959,0.064,0.41687,0.506,0.49426
84,1712323983.8607874,0.072,0.39149,0.49,0.49451
85,1712324139.487628,0.064,0.38998,0.502,0.49351
86,1712324284.0670238,0.064,0.38973,0.494,0.49477
87,1712324439.7076871,0.084,0.39626,0.506,0.492
88,1712324895.3043046,0.048,0.37491,0.498,0.49853000000000003
89,1712325050.9331808,0.076,0.37918,0.47,0.47944
90,1712325206.6002843,0.052,0.44124,0.498,0.50959
91,1712325362.2374828,0.032,0.31988,0.51,0.48949
92,1712325517.861747,0.354,0.42867,0.494,0.49502
93,1712325973.5063772,0.024,0.38722,0.514,0.49502
94,1712326129.143458,0.04,0.38144,0.502,0.49451
95,1712326273.7278945,0.072,0.41486,0.506,0.4915
96,1712326429.343257,0.076,0.38998,0.506,0.49426
97,1712326585.000816,0.032,0.34903,0.454,0.49376
98,1712327040.6211827,0.052,0.39827,0.462,0.48069
99,1712327196.2233598,0.076,0.444,0.506,0.50909
100,1712327351.8670762,0.076,0.39903,0.494,0.48396
101,1712327496.4510725,0.044,0.45606,0.514,0.49978999999999996
102,1712327652.0319831,0.024,0.36712,0.506,0.48597
103,1712328107.6317043,0.076,0.37867,0.466,0.49878999999999996
104,1712328263.1928308,0.016,0.39099,0.506,0.49627
105,1712328418.7861304,0.072,0.35556,0.498,0.49502
106,1712328574.4217815,0.02,0.37164,0.486,0.492
107,1712328718.9677823,0.084,0.3734,0.49,0.4915
108,1712329174.5847495,0.064,0.37114,0.49,0.4925
109,1712329330.2298377,0.04,0.38269,0.49,0.48823
110,1712329485.8672364,0.096,0.40305,0.486,0.50783
111,1712329641.4727712,0.06,0.44023,0.486,0.48019
112,1712329786.0672827,0.04,0.39903,0.446,0.50632
113,1712330252.7655241,0.032,0.4332,0.498,0.48346
114,1712330397.304655,0.04,0.34048,0.514,0.49451
115,1712330552.9423084,0.04,0.36963,0.502,0.49904000000000004
116,1712330708.5676184,0.068,0.35682,0.498,0.49577
117,1712330853.1143906,0.04,0.40355,0.486,0.49326
118,1712331286.6487591,0.052,0.40656,0.498,0.48446
119,1712331442.2698035,0.032,0.3739,0.494,0.49049
120,1712331586.7987106,0.016,0.28948,0.494,0.49527
121,1712331742.4464738,0.04,0.3337,0.498,0.4925
122,1712331898.0538397,0.036,0.39702,0.494,0.49426
123,1712332353.660918,0.036,0.35531,0.502,0.49577
124,1712332509.29025,0.064,0.36285,0.486,0.49376
125,1712332664.8636112,0.048,0.33998,0.498,0.49301
126,1712332809.4260054,0.088,0.38018,0.502,0.48371
127,1712332965.081573,0.12,0.36938,0.498,0.49552
128,1712333420.6988206,0.016,0.32089,0.45,0.48069
129,1712333576.3047366,0.04,0.34199,0.494,0.50934
130,1712333731.9167106,0.004,0.25229,0.466,0.48522
131,1712333876.4424436,0.084,0.41234,0.49,0.49978999999999996
132,1712334032.053782,0.04,0.36938,0.49,0.48672
133,1712334487.6971612,0.076,0.33119,0.482,0.49803
134,1712334643.3188043,0.072,0.35053,0.478,0.49627
135,1712334798.9497313,0.08,0.38546,0.506,0.49426
136,1712334954.5308475,0.076,0.37717,0.478,0.4915
137,1712335110.1917171,0.08,0.40003,0.506,0.48899
138,1712335565.8025904,0.08,0.39048,0.478,0.50557
139,1712335721.4637852,0.02,0.37516,0.482,0.47894
140,1712335877.080943,0.08,0.35179,0.486,0.50431
141,1712336032.7240093,0.02,0.40028,0.506,0.49552
142,1712336188.3153207,0.076,0.38546,0.49,0.49376
143,1712336643.9328668,0.024,0.40028,0.494,0.49301
144,1712336799.5834312,0.06,0.40254,0.51,0.49225
145,1712336955.2688034,0.124,0.39928,0.498,0.49702999999999997
146,1712337110.9287772,0.032,0.43169,0.494,0.47743
147,1712337266.5510285,0.024,0.39174,0.502,0.50708
148,1712337722.1162984,0.068,0.3832,0.518,0.48622
149,1712337877.7263296,0.028,0.42491,0.494,0.49426
150,1712338033.3326871,0.072,0.40908,0.522,0.49326
151,1712338188.9250042,0.04,0.38596,0.498,0.49276
152,1712338344.514289,0.145,0.39274,0.486,0.49024
153,1712338789.1275964,0.028,0.393,0.51,0.48748
154,1712338955.790116,0.016,0.39852,0.49,0.49049
155,1712339100.3395782,0.016,0.3945,0.494,0.47894
156,1712339255.9320333,0.024,0.41812,0.502,0.50632
157,1712339411.552521,0.032,0.42692,0.494,0.47868
158,1712339867.178413,0.02,0.38068,0.49,0.50331
159,1712340011.7073312,0.442,0.47842,0.514,0.49652
160,1712340089.9275343,0.032,0.39174,0.494,0.48949
161,1712340245.5185719,0.036,0.36712,0.506,0.50255
162,1712340390.081066,0.028,0.40933,0.498,0.47718
163,1712340845.701662,0.068,0.38119,0.482,0.50331
164,1712341001.3376522,0.048,0.39576,0.49,0.47843
165,1712341145.9027271,0.032,0.36511,0.438,0.50482
166,1712341279.3529365,0.064,0.39425,0.49,0.4719
167,1712341423.8916335,0.136,0.39149,0.514,0.4925
168,1712341857.4197338,0.157,0.42465,0.494,0.48296
169,1712342001.9849224,0.068,0.39651,0.494,0.49502
170,1712342124.402603,0.032,0.38621,0.506,0.49904000000000004
171,1712342257.9283116,0.165,0.39199,0.49,0.492
172,1712342380.3497653,0.04,0.38144,0.486,0.47542
173,1712342791.7546983,0.064,0.39852,0.506,0.47341
174,1712342925.2402177,0.229,0.44149,0.514,0.50632
175,1712343036.6415215,0.265,0.47641,0.51,0.47793
176,1712343159.1004834,0.225,0.41862,0.498,0.46562
177,1712343281.555239,0.237,0.4028,0.49,0.47567
178,1712343715.081427,0.092,0.35531,0.482,0.49024
179,1712343826.483712,0.289,0.45556,0.502,0.4709
180,1712343926.785643,0.193,0.43697,0.49,0.45833
181,1712344060.2668283,0.193,0.36636,0.418,0.46033999999999997
182,1712344171.6726372,0.293,0.42089,0.458,0.47115
183,1712344594.1260893,0.193,0.40405,0.474,0.48748
184,1712344716.568375,0.277,0.39727,0.49,0.47441
185,1712344839.0368645,0.354,0.43621,0.486,0.45833
186,1712344939.3698335,0.317,0.40254,0.478,0.46185
187,1712345017.6266475,0.382,0.45908,0.49,0.44627
188,1712345406.9678335,0.153,0.38722,0.458,0.44501999999999997
189,1712345529.4088302,0.301,0.38697,0.438,0.45683
190,1712345651.868313,0.265,0.34802,0.438,0.46889
191,1712345774.335224,0.261,0.41988,0.474,0.48522
192,1712345885.7797978,0.305,0.45053,0.49,0.4724
193,1712346252.9964216,0.261,0.43697,0.49,0.43446
194,1712346364.4198005,0.213,0.38948,0.47,0.4822
195,1712346475.8129761,0.358,0.43697,0.486,0.4714
196,1712346576.1832297,0.378,0.44852,0.486,0.45833
197,1712346643.3470893,0.305,0.41335,0.482,0.43798
198,1712347043.6853745,0.265,0.36385,0.418,0.44828
199,1712347166.1263728,0.293,0.38621,0.406,0.46637
200,1712347288.561792,0.285,0.39626,0.474,0.45708
201,1712347377.849443,0.346,0.42541,0.474,0.43823
202,1712347478.1721976,0.325,0.38621,0.426,0.441
203,1712347867.4911346,0.37,0.40606,0.442,0.42667
204,1712347967.8501287,0.366,0.39827,0.43,0.43823
205,1712348101.3345592,0.261,0.38295,0.422,0.46562
206,1712348212.734722,0.317,0.42063,0.466,0.47517
207,1712348302.0140562,0.366,0.44023,0.486,0.4621
208,1712348702.3847125,0.261,0.4239,0.466,0.47894
209,1712348835.8871415,0.257,0.44501,0.482,0.5013
210,1712348947.2798784,0.394,0.47465,0.49,0.45884
211,1712349047.606128,0.341,0.44476,0.466,0.45507
212,1712349147.9834337,0.285,0.4229,0.466,0.43497
213,1712349570.4389546,0.253,0.39777,0.434,0.47064
214,1712349692.890671,0.269,0.40129,0.47,0.46889
215,1712349815.394008,0.257,0.41862,0.478,0.47919
216,1712349882.5968764,0.169,0.38772,0.478,0.41361
217,1712350005.0378828,0.354,0.43521,0.486,0.48321
218,1712350372.2780704,0.197,0.40079,0.482,0.41838
219,1712350505.848934,0.225,0.39501,0.454,0.48547
220,1712350617.3940637,0.301,0.4528,0.486,0.45683
221,1712350750.9177547,0.241,0.41033,0.43,0.47944
222,1712350873.364743,0.362,0.41109,0.486,0.47517
223,1712351295.8035285,0.245,0.393,0.438,0.46863
224,1712351374.054662,0.382,0.44023,0.47,0.43647
225,1712351463.358695,0.313,0.40732,0.45,0.44728
226,1712351552.6501176,0.333,0.40732,0.446,0.44276
227,1712351652.9847639,0.333,0.39375,0.434,0.4508
228,1712352042.3050613,0.317,0.37491,0.446,0.442
229,1712352142.6533928,0.333,0.37666,0.434,0.45983999999999997
230,1712352265.1158254,0.333,0.39048,0.434,0.47416
231,1712352387.562031,0.333,0.42692,0.474,0.46637
232,1712352521.047189,0.261,0.34174,0.378,0.46461
233,1712352943.5131211,0.205,0.37516,0.47,0.47567
234,1712353065.9554842,0.261,0.40857,0.47,0.46688
235,1712353188.404974,0.297,0.40028,0.478,0.45683
236,1712353310.8469565,0.305,0.4038,0.426,0.4714
237,1712353433.3480256,0.321,0.41184,0.466,0.47391
238,1712353822.593697,0.358,0.42767,0.47,0.45155
239,1712353922.94653,0.358,0.41712,0.458,0.46009
240,1712354012.2660954,0.358,0.42566,0.478,0.4518
241,1712354123.6667407,0.181,0.39702,0.458,0.47391
242,1712354246.145769,0.277,0.41762,0.466,0.46763
243,1712354668.6386533,0.249,0.41008,0.478,0.45657
244,1712354791.1306038,0.281,0.41159,0.45,0.4714
245,1712354913.5730553,0.329,0.41938,0.482,0.47768
246,1712354991.8185136,0.386,0.44651,0.494,0.45582
247,1712355103.2431242,0.366,0.41636,0.474,0.4724
248,1712355492.5350082,0.249,0.42516,0.486,0.45657
249,1712355626.0407274,0.233,0.41536,0.47,0.47944
250,1712355737.4201677,0.414,0.45857,0.486,0.45532
251,1712355837.767409,0.378,0.44752,0.478,0.45029
252,1712355971.2544036,0.249,0.39274,0.43,0.46763
253,1712356393.7671854,0.217,0.40003,0.462,0.47894
254,1712356472.040703,0.301,0.42993,0.482,0.44024
255,1712356583.4251428,0.265,0.41661,0.478,0.47818
256,1712356705.8898227,0.209,0.42315,0.482,0.46637
257,1712356828.3427255,0.285,0.41385,0.478,0.45808
258,1712357250.8107712,0.269,0.40707,0.438,0.4724
259,1712357384.3529994,0.197,0.39224,0.458,0.47039
260,1712357506.8106625,0.225,0.39023,0.474,0.46763
261,1712357629.2859738,0.269,0.41184,0.482,0.45331
262,1712357762.7729049,0.309,0.38269,0.434,0.46662
263,1712358174.2148836,0.265,0.4136,0.47,0.46914
264,1712358252.4430523,0.378,0.44149,0.482,0.44728
265,1712358363.8332357,0.313,0.43094,0.474,0.48396
266,1712358442.083796,0.337,0.43797,0.486,0.45507
267,1712358553.4938095,0.313,0.42993,0.474,0.47969
268,1712358975.9791372,0.253,0.4337,0.486,0.46914
269,1712359098.4271593,0.341,0.43169,0.482,0.45507
270,1712359231.9179118,0.277,0.39526,0.434,0.47391
271,1712359343.3033078,0.346,0.44249,0.482,0.48145
272,1712359487.8782833,0.205,0.41033,0.486,0.4714
273,1712359899.2958813,0.329,0.41636,0.478,0.46487
274,1712359977.5544796,0.354,0.45355,0.482,0.44376
275,1712360066.8516836,0.229,0.40229,0.446,0.44627
276,1712360200.344242,0.181,0.3739,0.434,0.45105
277,1712360322.8273077,0.229,0.39526,0.458,0.45808
278,1712360745.2662408,0.197,0.39576,0.458,0.47291
279,1712360867.7421231,0.245,0.41159,0.49,0.46487
280,1712360990.191158,0.265,0.41787,0.474,0.46612
281,1712361112.7012477,0.382,0.43018,0.47,0.46411
282,1712361235.1644192,0.257,0.40782,0.474,0.47517
283,1712361657.6432028,0.301,0.42415,0.47,0.46512
284,1712361791.1562514,0.209,0.36988,0.45,0.46361
285,1712361902.5398216,0.277,0.42792,0.482,0.47642
286,1712362025.0271537,0.394,0.43295,0.482,0.47818
287,1712362092.2183068,0.253,0.39124,0.466,0.42617
288,1712362492.5849068,0.317,0.38923,0.434,0.46336
289,1712362626.1129575,0.269,0.38621,0.422,0.47416
290,1712362737.5198438,0.35,0.45003,0.474,0.44778
291,1712362871.056712,0.233,0.40481,0.426,0.46059
292,1712362993.507198,0.313,0.40506,0.474,0.47341
293,1712363416.0022092,0.197,0.3842,0.458,0.46461
294,1712363538.487759,0.333,0.43219,0.478,0.4523
295,1712363616.7459369,0.362,0.43395,0.486,0.442
296,1712363706.0811996,0.277,0.41561,0.458,0.44401
297,1712363828.5370257,0.374,0.41712,0.45,0.4513
298,1712364217.84781,0.398,0.41938,0.466,0.42592
299,1712364329.2798083,0.229,0.36837,0.446,0.42366
300,1712364451.7423785,0.285,0.34601,0.43,0.45029
301,1712364574.2003493,0.281,0.39953,0.454,0.47567
302,1712364685.592338,0.333,0.44124,0.486,0.45983999999999997
303,1712365130.1830451,0.205,0.37239,0.406,0.4611
304,1712365241.5827026,0.325,0.39626,0.446,0.4425
305,1712365386.1824443,0.205,0.36938,0.406,0.47843
306,1712365497.5827017,0.321,0.40606,0.45,0.42617
307,1712365620.1240292,0.261,0.39375,0.442,0.45858
308,1712366042.5960064,0.213,0.38269,0.466,0.4616
309,1712366165.101087,0.346,0.40204,0.454,0.47291
310,1712366287.579767,0.346,0.42867,0.458,0.4616
311,1712366410.0628252,0.289,0.42114,0.47,0.45909
312,1712366532.5477307,0.354,0.42214,0.474,0.4611
313,1712366966.0738502,0.193,0.38219,0.454,0.47366
314,1712367077.514425,0.398,0.45857,0.47,0.44853
315,1712367177.860777,0.354,0.42264,0.454,0.43572
316,1712367311.4050708,0.301,0.37516,0.41,0.4626
317,1712367422.818279,0.35,0.42516,0.478,0.46487
318,1712367856.326978,0.281,0.38345,0.414,0.47039
319,1712367978.811021,0.249,0.40028,0.466,0.4425
320,1712368101.248059,0.289,0.39375,0.418,0.46461
321,1712368223.7060657,0.257,0.4028,0.466,0.47265
322,1712368346.1398664,0.229,0.41285,0.478,0.46085
323,1712368768.6287954,0.229,0.38822,0.466,0.44904
324,1712368846.8797898,0.321,0.40707,0.462,0.42391
325,1712368914.1097116,0.329,0.42867,0.47,0.43145
326,1712369047.6313033,0.333,0.36661,0.386,0.45884
327,1712369170.131755,0.321,0.36335,0.39,0.42341
328,1712369592.6305425,0.309,0.35028,0.41,0.42843
329,1712369715.0811977,0.229,0.36435,0.434,0.44728
330,1712369837.5355647,0.189,0.40682,0.458,0.44276
331,1712369948.9345791,0.366,0.43244,0.47,0.44904
332,1712370082.4102912,0.289,0.36862,0.442,0.4611
333,1712370493.7862597,0.257,0.40707,0.474,0.46788
334,1712370572.0367117,0.341,0.42139,0.482,0.44376
335,1712370672.3908124,0.293,0.36385,0.438,0.43848
336,1712370794.8587205,0.297,0.38998,0.422,0.45733
337,1712370906.2785237,0.354,0.44099,0.47,0.44954
338,1712371350.8369627,0.221,0.37013,0.414,0.44728
339,1712371484.330232,0.354,0.43194,0.466,0.4714
340,1712371617.8362653,0.337,0.4146,0.47,0.46009
341,1712371740.2751033,0.289,0.40204,0.454,0.45808
342,1712371862.7384617,0.341,0.4038,0.482,0.45833
343,1712372285.2508447,0.261,0.39249,0.454,0.46637
344,1712372407.7339804,0.269,0.40204,0.458,0.45708
345,1712372541.2615294,0.12,0.4244,0.462,0.45532
346,1712372663.730744,0.358,0.39099,0.454,0.46939
347,1712372786.1707952,0.193,0.43923,0.474,0.45532
348,1712373208.6619527,0.354,0.38345,0.45,0.4513
349,1712373331.1171875,0.221,0.37817,0.474,0.45933999999999997
350,1712373453.5855572,0.193,0.41913,0.458,0.47542
351,1712373531.8110328,0.233,0.39199,0.466,0.43371
352,1712373598.9915564,0.237,0.41913,0.466,0.41788
353,1712374021.483447,0.157,0.33847,0.418,0.45683
354,1712374166.0211112,0.185,0.41084,0.466,0.46688
355,1712374288.4959621,0.281,0.39777,0.486,0.44577
356,1712374366.7508302,0.313,0.44852,0.486,0.41587
357,1712374478.128861,0.241,0.39476,0.47,0.45331
358,1712374900.6164362,0.237,0.37993,0.438,0.45909
359,1712375023.0672452,0.285,0.41058,0.454,0.45833
360,1712375101.335433,0.261,0.4239,0.462,0.43974
361,1712375212.7513993,0.317,0.41913,0.47,0.45708
362,1712375346.2857976,0.249,0.39626,0.426,0.4616
363,1712375757.717366,0.366,0.41837,0.462,0.4317
364,1712375891.1934245,0.257,0.38797,0.414,0.45381
365,1712376013.6418893,0.253,0.40757,0.466,0.46487
366,1712376136.1109147,0.233,0.44199,0.482,0.45406
367,1712376258.5862193,0.313,0.41084,0.466,0.44501999999999997
368,1712376692.1087935,0.185,0.36963,0.434,0.45884
369,1712376847.6835942,0.273,0.41536,0.47,0.45683
370,1712376948.0424118,0.394,0.44023,0.47,0.43622
371,1712377070.491032,0.285,0.37189,0.402,0.43974
372,1712377192.951085,0.309,0.37465,0.414,0.43346
373,1712377615.4367595,0.193,0.38018,0.434,0.4415
374,1712377737.8972628,0.305,0.39476,0.462,0.44125
375,1712377860.3655648,0.297,0.40656,0.454,0.44601999999999997
376,1712377982.8176868,0.317,0.39777,0.458,0.45255
377,1712378105.276648,0.358,0.40129,0.446,0.45507
378,1712378527.7308686,0.301,0.39752,0.458,0.44904
379,1712378661.2583506,0.257,0.37867,0.418,0.4518
380,1712378772.671875,0.35,0.42767,0.47,0.45255
381,1712378906.1961641,0.245,0.41234,0.446,0.46085
382,1712379017.6090136,0.406,0.45254,0.47,0.43119999999999997
383,1712379462.1720588,0.185,0.31787,0.406,0.44652
384,1712379573.5866919,0.325,0.41335,0.458,0.44803
385,1712379651.8428574,0.317,0.41109,0.466,0.42743
386,1712379774.3256695,0.329,0.38219,0.41,0.45482
387,1712379896.80163,0.269,0.39149,0.426,0.43773
388,1712380319.2604606,0.249,0.39551,0.462,0.42969
389,1712380452.7876322,0.346,0.37641,0.434,0.44376
390,1712380553.1580856,0.406,0.42893,0.478,0.42868
391,1712380620.3500242,0.333,0.42792,0.446,0.41889
392,1712380687.5469697,0.378,0.4244,0.462,0.42667
393,1712381121.0927677,0.265,0.30154,0.358,0.42165
394,1712381265.648801,0.277,0.3636,0.406,0.44652
395,1712381377.0363305,0.337,0.41938,0.442,0.4121
396,1712381477.429142,0.313,0.41008,0.43,0.39703
397,1712381622.0160046,0.277,0.32516,0.402,0.43321
398,1712382011.3439343,0.341,0.38822,0.43,0.40331
399,1712382111.7191854,0.289,0.31837,0.39,0.40657
400,1712382223.169108,0.321,0.37943,0.422,0.42718
401,1712382356.7142184,0.241,0.37641,0.434,0.43622
402,1712382479.1513486,0.189,0.37993,0.45,0.39929
403,1712382901.6458058,0.136,0.35908,0.418,0.42642
404,1712383013.0532966,0.354,0.42013,0.462,0.43723
405,1712383146.5638735,0.289,0.39978,0.438,0.45054
406,1712383258.0121925,0.366,0.44149,0.47,0.42667
407,1712383380.4857488,0.253,0.36385,0.422,0.43095
408,1712383791.8702762,0.205,0.36511,0.434,0.42115
409,1712383914.3254666,0.325,0.39953,0.45,0.44652
410,1712384036.7732897,0.325,0.40933,0.438,0.44276
411,1712384170.318738,0.237,0.38295,0.446,0.43296
412,1712384325.9582772,0.257,0.38772,0.422,0.45657
413,1712384737.363291,0.221,0.39878,0.426,0.41612
414,1712384870.8763366,0.241,0.37666,0.418,0.43748
415,1712384982.2958195,0.337,0.41033,0.466,0.43949
416,1712385115.8412063,0.249,0.39727,0.434,0.45884
417,1712385238.2783446,0.333,0.40656,0.466,0.42366
418,1712385671.807309,0.181,0.35305,0.414,0.44527
419,1712385816.3510778,0.281,0.4131,0.458,0.44929
420,1712385972.0213754,0.241,0.38345,0.438,0.44024
421,1712386094.491301,0.233,0.39777,0.454,0.44652
422,1712386239.0469925,0.341,0.4234,0.466,0.44024
423,1712386617.3437858,0.37,0.41762,0.454,0.41939
424,1712386684.5642002,0.35,0.42089,0.45,0.41788
425,1712386762.836303,0.325,0.41862,0.454,0.42366
426,1712386863.2062917,0.321,0.42038,0.454,0.42693
427,1712386952.496395,0.325,0.41661,0.458,0.42994
428,1712387352.8597984,0.249,0.39651,0.446,0.43245
429,1712387486.377525,0.261,0.4146,0.45,0.45004
430,1712387597.8571408,0.43,0.44124,0.462,0.41713
431,1712387676.2421434,0.273,0.40983,0.454,0.41537
432,1712387832.2773025,0.257,0.37742,0.45,0.43698
433,1712388222.033799,0.366,0.42867,0.474,0.44451
434,1712388311.4516156,0.341,0.41285,0.45,0.43773
435,1712388456.3027418,0.277,0.34576,0.41,0.45557
436,1712388601.300762,0.265,0.38923,0.414,0.43622
437,1712388757.1576066,0.305,0.38747,0.418,0.45331
438,1712389202.2025554,0.277,0.36058,0.434,0.44627
439,1712389347.0909934,0.354,0.43923,0.458,0.44175
440,1712389481.0680883,0.285,0.38822,0.446,0.43421
441,1712389604.1025167,0.305,0.40506,0.45,0.43974
442,1712389682.7930593,0.305,0.40857,0.45,0.40381
443,1712390061.371105,0.257,0.393,0.45,0.41989
444,1712390195.3457768,0.289,0.39551,0.454,0.44426
445,1712390351.3412986,0.225,0.394,0.418,0.42843
446,1712390496.3748124,0.277,0.41184,0.458,0.4518
447,1712390597.236795,0.41,0.45079,0.47,0.42215
448,1712391008.9576082,0.265,0.39224,0.458,0.42843
449,1712391131.8170106,0.317,0.40305,0.462,0.43848
450,1712391199.3817964,0.313,0.41259,0.462,0.41612
451,1712391333.3185482,0.237,0.39752,0.45,0.43873
452,1712391422.9442592,0.354,0.43169,0.466,0.42843
453,1712391812.834898,0.313,0.39174,0.45,0.44351
454,1712391947.0235164,0.297,0.42189,0.45,0.44049
455,1712392092.0630586,0.325,0.42139,0.462,0.442
456,1712392225.947027,0.233,0.40606,0.454,0.44929
457,1712392370.7786603,0.333,0.42063,0.438,0.43119999999999997
458,1712392793.690646,0.233,0.3842,0.434,0.44326
459,1712392916.518973,0.354,0.42541,0.454,0.43245
460,1712393050.3745005,0.237,0.38521,0.43,0.42341
461,1712393173.1161594,0.253,0.39375,0.438,0.42617
462,1712393251.9282691,0.261,0.37139,0.442,0.41286
463,1712393663.8740406,0.213,0.36913,0.43,0.43119999999999997
464,1712393742.3987815,0.257,0.37993,0.446,0.39527
465,1712393865.2371006,0.241,0.37742,0.438,0.441
466,1712393999.110649,0.378,0.42365,0.462,0.42165
467,1712394132.851308,0.333,0.38998,0.454,0.43723
468,1712394522.4398692,0.366,0.42239,0.462,0.42944
469,1712394634.2286644,0.253,0.37867,0.422,0.43321
470,1712394757.0686567,0.317,0.38722,0.418,0.4121
471,1712394879.9057064,0.305,0.38194,0.414,0.4013
472,1712395002.772046,0.305,0.38068,0.426,0.41562
473,1712395425.4688103,0.173,0.36058,0.414,0.41537
474,1712395548.329523,0.358,0.3935,0.434,0.40607
475,1712395682.2073023,0.205,0.36636,0.43,0.41813
476,1712395793.9862323,0.333,0.40631,0.442,0.40657
477,1712395894.6387842,0.333,0.39551,0.438,0.41059
478,1712396262.2639081,0.169,0.35933,0.434,0.39326
479,1712396396.0072968,0.197,0.37491,0.438,0.41738
480,1712396507.8462708,0.362,0.41486,0.446,0.40683
481,1712396597.5529852,0.329,0.41586,0.446,0.40884
482,1712396687.250631,0.341,0.42013,0.45,0.40657
483,1712397065.8288503,0.217,0.38043,0.434,0.4013
484,1712397199.7129447,0.229,0.37717,0.442,0.40054
485,1712397322.6464798,0.241,0.37541,0.434,0.40632
486,1712397412.251263,0.321,0.40254,0.454,0.41964
487,1712397534.971782,0.354,0.40531,0.45,0.43873
488,1712397902.5122218,0.217,0.35682,0.422,0.40306
489,1712398036.5473137,0.241,0.39601,0.43,0.41838
490,1712398126.201059,0.333,0.41888,0.454,0.39853
491,1712398226.8612506,0.265,0.40229,0.434,0.41461
492,1712398382.8873074,0.337,0.37164,0.43,0.42492
493,1712398772.580414,0.378,0.40832,0.446,0.4018
494,1712398873.161312,0.325,0.38094,0.418,0.40607
495,1712398995.8208392,0.281,0.38219,0.41,0.40657
496,1712399118.8631475,0.305,0.38521,0.426,0.39627
497,1712399252.851486,0.261,0.35631,0.398,0.40205
498,1712399664.6451483,0.265,0.35229,0.418,0.39728
499,1712399798.1826527,0.35,0.3744,0.418,0.40029
500,1712400326.874257,0.233,0.38546,0.418,0.436
501,1712400482.495627,0.337,0.40129,0.446,0.41411
502,1712400872.1049497,0.189,0.33219,0.402,0.40456
503,1712401017.1419532,0.329,0.38244,0.414,0.40482
504,1712401151.1420846,0.273,0.35656,0.39,0.38421
505,1712401307.2171414,0.265,0.36084,0.406,0.41411
506,1712401452.275132,0.321,0.36837,0.41,0.40657
507,1712401875.0327635,0.249,0.35455,0.402,0.39678
508,1712401997.7740781,0.333,0.37842,0.41,0.391
509,1712402131.6032765,0.181,0.34526,0.406,0.39326
510,1712402276.4951925,0.241,0.38571,0.41,0.40255
511,1712402399.273383,0.257,0.38094,0.41,0.3915
512,1712402822.0860424,0.177,0.3646,0.41,0.39426
513,1712402955.8921075,0.189,0.36737,0.414,0.40431
514,1712403100.581518,0.253,0.37767,0.406,0.39778
515,1712403223.1531107,0.337,0.38797,0.422,0.40582
516,1712403345.8808298,0.329,0.39526,0.426,0.4018
517,1712403768.5884545,0.193,0.3646,0.414,0.38748
518,1712403902.2437458,0.293,0.34752,0.406,0.39828
519,1712404024.8658829,0.229,0.36536,0.414,0.40557
520,1712404092.1130614,0.285,0.33621,0.41,0.37466
521,1712404225.874888,0.213,0.37063,0.41,0.40456
522,1712404670.7443361,0.205,0.35028,0.37,0.38672
523,1712404793.6812835,0.313,0.36687,0.418,0.392
524,1712404872.3931677,0.305,0.37264,0.418,0.37115
525,1712404962.0132067,0.289,0.37114,0.418,0.36713
526,1712405096.1191702,0.273,0.3636,0.406,0.38245
527,1712405519.0662034,0.241,0.34073,0.406,0.36713
528,1712405653.0265687,0.277,0.33345,0.394,0.36361
529,1712405775.8142803,0.197,0.33898,0.37,0.36889
530,1712405931.888591,0.265,0.33119,0.398,0.38044
531,1712406076.9121292,0.253,0.36988,0.406,0.38899
532,1712406521.7209961,0.201,0.30682,0.402,0.39753
533,1712406644.5703468,0.305,0.37239,0.418,0.39979
534,1712406778.3670707,0.297,0.33973,0.406,0.38321
535,1712406901.2381766,0.269,0.34224,0.394,0.3724
536,1712407024.3785017,0.281,0.3631,0.398,0.3719
537,1712407458.3217728,0.161,0.32541,0.398,0.37291
538,1712407537.0048926,0.169,0.33395,0.39,0.348
539,1712407681.6641183,0.205,0.35732,0.386,0.38296
540,1712407826.7178857,0.193,0.34249,0.386,0.38471
541,1712407927.4249554,0.329,0.36787,0.406,0.37014
542,1712408328.118293,0.313,0.35983,0.402,0.37115
543,1712408462.0020635,0.233,0.36536,0.398,0.38873
544,1712408551.8959157,0.157,0.34777,0.394,0.36587
545,1712408686.294779,0.237,0.36737,0.402,0.38497
546,1712408798.0700057,0.341,0.3847,0.41,0.38798
547,1712409231.9790947,0.181,0.37591,0.402,0.38974
548,1712409387.8601117,0.217,0.37566,0.41,0.39828
549,1712409477.762395,0.325,0.40229,0.418,0.38873
550,1712409600.6796026,0.273,0.38094,0.414,0.37642
551,1712409734.423569,0.209,0.36084,0.41,0.39828
552,1712410179.3641646,0.261,0.36058,0.41,0.38245
553,1712410302.1159863,0.293,0.3636,0.422,0.38371
554,1712410425.0696821,0.277,0.37842,0.422,0.40557
555,1712410492.6729054,0.289,0.37089,0.422,0.38145
556,1712410582.851189,0.333,0.38747,0.422,0.39074
557,1712411323.6418874,0.217,0.32541,0.41,0.422
558,1712411556.7137232,0.269,0.35656,0.398,0.4214
559,1712411723.6258693,0.301,0.37566,0.414,0.40105
560,1712411879.5577416,0.285,0.35933,0.418,0.39627
561,1712412057.7949157,0.329,0.37541,0.41,0.41085
562,1712412502.8210888,0.241,0.3445,0.398,0.39703
563,1712412636.6602187,0.253,0.37666,0.406,0.38547
564,1712412814.781208,0.293,0.36058,0.41,0.4013
565,1712412993.2020292,0.265,0.35355,0.41,0.39426
566,1712413171.5170803,0.265,0.35104,0.386,0.39477
567,1712413628.1102026,0.189,0.32968,0.398,0.4008
568,1712413806.584642,0.265,0.3543,0.39,0.40205
569,1712413962.635228,0.329,0.35656,0.394,0.39024
570,1712414107.7576616,0.305,0.36259,0.406,0.39477
571,1712414297.574639,0.301,0.35028,0.398,0.40255
572,1712414776.1531994,0.245,0.35656,0.386,0.40054
573,1712414954.3560755,0.261,0.37013,0.406,0.40155
574,1712415132.707686,0.265,0.37139,0.406,0.39276
575,1712415255.6467505,0.273,0.37943,0.41,0.38622
576,1712415411.6854036,0.261,0.36963,0.406,0.39276
577,1712415868.394022,0.253,0.35682,0.406,0.40281
578,1712416013.5030246,0.269,0.37918,0.418,0.39376
579,1712416191.5890985,0.273,0.35179,0.41,0.39300999999999997
580,1712416347.5872781,0.313,0.37465,0.41,0.40255
581,1712416525.83039,0.277,0.38295,0.414,0.40054
582,1712417003.9366171,0.269,0.36209,0.406,0.40331
583,1712417149.056041,0.305,0.38596,0.426,0.39577
584,1712417305.815961,0.289,0.38546,0.418,0.39929
585,1712417461.728092,0.273,0.36611,0.41,0.38748
586,1712417606.5224426,0.305,0.39476,0.422,0.39527
587,1712418062.8215027,0.257,0.35179,0.402,0.3925
588,1712418218.860997,0.317,0.35757,0.406,0.39225
589,1712418397.0876343,0.269,0.36586,0.394,0.40255
590,1712418575.212231,0.297,0.3636,0.406,0.39502
591,1712418731.2569344,0.249,0.33144,0.39,0.38245
592,1712419187.3391175,0.209,0.35832,0.386,0.39954
593,1712419365.4859827,0.273,0.34777,0.398,0.39326
594,1712419543.6612844,0.289,0.35883,0.398,0.39350999999999997
595,1712419699.6161613,0.289,0.35883,0.398,0.3925
596,1712419855.5397663,0.273,0.3445,0.37,0.39552
597,1712420334.034139,0.241,0.33772,0.39,0.39326
598,1712420512.1369915,0.281,0.34073,0.386,0.38647
599,1712420645.9903238,0.257,0.34199,0.37,0.38647
600,1712420801.9926958,0.265,0.34852,0.39,0.37994
601,1712420924.6530714,0.297,0.35204,0.394,0.37968999999999997
602,1712421391.6217265,0.245,0.31184,0.398,0.38044
603,1712421536.8418956,0.277,0.36159,0.402,0.38597
604,1712421692.940455,0.301,0.35229,0.402,0.39074
605,1712421893.2316544,0.333,0.37214,0.41,0.38622
606,1712422026.957698,0.281,0.36963,0.406,0.38547
607,1712422464.337795,0.245,0.34802,0.39,0.424
608,1712422708.3682292,0.293,0.33998,0.402,0.41939
609,1712422941.3420253,0.245,0.33973,0.386,0.42416
610,1712423185.3909986,0.257,0.34526,0.39,0.41185
611,1712423652.0798788,0.253,0.34526,0.394,0.39703
612,1712423807.700792,0.261,0.35028,0.39,0.39300999999999997
613,1712423930.1789458,0.281,0.37063,0.398,0.38899
614,1712424085.7992866,0.277,0.37516,0.406,0.40306
615,1712424241.4501445,0.241,0.33194,0.386,0.38798
616,1712424697.0922377,0.221,0.35204,0.39,0.40281
617,1712424874.8419166,0.261,0.34651,0.394,0.39728
618,1712425030.5143552,0.285,0.35707,0.37,0.38647
619,1712425186.1785805,0.289,0.37365,0.402,0.40783
620,1712425363.9134393,0.289,0.3641,0.402,0.4013
621,1712425819.5373027,0.273,0.35179,0.394,0.39400999999999997
622,1712425975.1587622,0.253,0.34953,0.386,0.39703
623,1712426130.784762,0.245,0.33923,0.39,0.38672
624,1712426286.3864324,0.253,0.33521,0.386,0.4018
625,1712426464.104861,0.261,0.34928,0.398,0.39602
626,1712426975.0474844,0.289,0.35079,0.406,0.39426
627,1712427130.6592498,0.277,0.35506,0.37,0.38572
628,1712427286.2790184,0.265,0.36862,0.406,0.40255
629,1712427497.177586,0.285,0.37038,0.41,0.39803
630,1712427641.8136384,0.293,0.35958,0.422,0.39904
631,1712428097.413724,0.289,0.35933,0.382,0.39828
632,1712428275.1480331,0.317,0.37591,0.406,0.40004
633,1712428408.690354,0.273,0.35129,0.386,0.39678
634,1712428553.2577248,0.305,0.37742,0.406,0.39426
635,1712428686.8124166,0.273,0.36285,0.39,0.39652
636,1712429142.4445252,0.261,0.33646,0.39,0.39426
637,1712429298.0730336,0.269,0.35229,0.386,0.39175
638,1712429442.6881917,0.313,0.37139,0.414,0.39225
639,1712429576.216128,0.257,0.34526,0.386,0.40281
640,1712429776.0736952,0.317,0.39073,0.418,0.39828
641,1712430209.604192,0.257,0.33822,0.39,0.38497
642,1712430365.2539546,0.277,0.34099,0.39,0.39904
643,1712430520.9006395,0.261,0.34274,0.366,0.38446
644,1712430676.540707,0.249,0.33043,0.366,0.40507
645,1712430854.2341473,0.269,0.34651,0.39,0.39728
646,1712431309.8768969,0.261,0.34073,0.386,0.39350999999999997
647,1712431487.6237934,0.293,0.343,0.39,0.40607
648,1712431742.6717093,0.241,0.33546,0.394,0.43069
649,1712432008.8725758,0.237,0.31812,0.382,0.4214
650,1712432219.7266145,0.241,0.31687,0.39,0.43119999999999997
651,1712432752.756793,0.233,0.31486,0.398,0.42165
652,1712432996.8371937,0.136,0.36008,0.418,0.41286
653,1712433141.3746967,0.217,0.33094,0.378,0.41311
654,1712433296.9762123,0.233,0.32365,0.374,0.41512
655,1712433441.5848024,0.273,0.35883,0.402,0.40783
656,1712433875.1327822,0.237,0.32038,0.382,0.40984
657,1712434019.6737936,0.289,0.37013,0.402,0.39276
658,1712434142.138479,0.293,0.3641,0.41,0.39879
659,1712434275.7365313,0.233,0.33847,0.39,0.40431
660,1712434420.3003044,0.309,0.3744,0.394,0.38949
661,1712434853.8087776,0.233,0.3342,0.378,0.40105
662,1712435009.433208,0.225,0.31913,0.374,0.39627
663,1712435154.0000153,0.293,0.37365,0.402,0.40306
664,1712435276.4935796,0.325,0.38973,0.406,0.39828
665,1712435410.306507,0.241,0.32993,0.358,0.38572
666,1712435866.35451,0.229,0.31636,0.358,0.40884
667,1712435966.9061587,0.237,0.31335,0.362,0.41863
668,1712436144.7349534,0.237,0.32114,0.382,0.40507
669,1712436300.7031426,0.233,0.31586,0.378,0.39049
670,1712436445.3488793,0.217,0.32893,0.366,0.41059
671,1712436967.483376,0.245,0.294,0.346,0.42592
672,1712437145.6754475,0.209,0.32893,0.394,0.42215
673,1712437290.801049,0.201,0.31285,0.35,0.39828
674,1712437413.8991795,0.293,0.36862,0.406,0.4126
675,1712437547.6068006,0.213,0.32742,0.346,0.40482
676,1712437992.893195,0.285,0.35631,0.402,0.40657
677,1712438148.8729315,0.241,0.32013,0.378,0.40683
678,1712438305.0441203,0.201,0.31561,0.366,0.40557
679,1712438505.337416,0.257,0.33872,0.378,0.42592
680,1712438705.4912324,0.225,0.30154,0.362,0.42039
681,1712439216.8981233,0.193,0.3136,0.374,0.42567
682,1712439361.9415987,0.237,0.31913,0.378,0.41185
683,1712439484.9328098,0.249,0.3131,0.37,0.41587
684,1712439585.9693713,0.233,0.33244,0.37,0.42441
685,1712439775.2102463,0.205,0.29149,0.35,0.42642
686,1712440286.4341674,0.229,0.33043,0.37,0.42667
687,1712440497.6272292,0.189,0.30732,0.378,0.42316
688,1712440675.8059084,0.245,0.32063,0.341,0.42416
689,1712440864.8415008,0.237,0.31762,0.366,0.42693
690,1712441042.9073668,0.241,0.3033,0.374,0.41662
691,1712441465.767095,0.177,0.31687,0.402,0.4209
692,1712441566.3525872,0.197,0.32918,0.366,0.42416
693,1712441744.3932846,0.241,0.30204,0.386,0.42818
694,1712441933.8157208,0.217,0.29224,0.358,0.41537
695,1712442067.7295523,0.277,0.32641,0.366,0.40482
696,1712442490.8332176,0.233,0.31033,0.35,0.40783
697,1712442613.5673957,0.217,0.32063,0.378,0.41637
698,1712442736.5464592,0.329,0.39878,0.422,0.40758
699,1712442871.0664601,0.189,0.30933,0.35,0.4013
700,1712442993.8285184,0.193,0.31536,0.358,0.41587
701,1712443416.6527755,0.237,0.31159,0.362,0.40733
702,1712443539.6233299,0.237,0.31611,0.358,0.39552
703,1712443662.5441213,0.233,0.32164,0.366,0.40356
704,1712443785.6416078,0.233,0.31385,0.366,0.40884
705,1712443908.3472815,0.249,0.3244,0.358,0.39602
706,1712444309.3196802,0.229,0.31712,0.362,0.39778
707,1712444432.2332017,0.225,0.30053,0.366,0.4008
708,1712444555.0510464,0.213,0.32139,0.382,0.40858
709,1712444666.8872101,0.201,0.2837,0.346,0.42517
710,1712444844.9385662,0.205,0.30204,0.354,0.42592
711,1712445300.9272969,0.153,0.26084,0.321,0.41487
712,1712445423.8401444,0.229,0.32415,0.402,0.41939
713,1712445546.7296617,0.161,0.26988,0.325,0.41411
714,1712445702.6624691,0.205,0.25405,0.325,0.42743
715,1712445825.6709876,0.193,0.34576,0.402,0.41863
716,1712446281.639356,0.193,0.31008,0.362,0.41688
717,1712446404.616301,0.197,0.28923,0.362,0.43622
718,1712446594.2753642,0.189,0.27139,0.362,0.41763
719,1712446717.0793414,0.153,0.21737,0.346,0.42542
720,1712446895.2183244,0.185,0.30807,0.41,0.42466
721,1712447351.354089,0.221,0.25606,0.309,0.41411
722,1712447507.3426623,0.273,0.294,0.305,0.42039
723,1712447641.4011643,0.281,0.30053,0.321,0.41461
724,1712447764.1881342,0.257,0.30129,0.333,0.41838
725,1712447876.0048213,0.157,0.27164,0.333,0.42492
726,1712448287.7891812,0.329,0.37893,0.422,0.40607
727,1712448399.664869,0.257,0.29501,0.325,0.41461
728,1712448522.4934034,0.193,0.2847,0.341,0.42265
729,1712448700.710495,0.189,0.29425,0.329,0.42291
730,1712448856.7643962,0.201,0.28445,0.346,0.43421
731,1712449312.9525986,0.233,0.28847,0.346,0.42492
732,1712449491.074935,0.221,0.2729,0.301,0.42014
733,1712449613.9995732,0.161,0.28119,0.358,0.4327
734,1712449770.1254015,0.257,0.27315,0.281,0.42039
735,1712449926.2966003,0.161,0.2636,0.329,0.4327
736,1712450371.5504231,0.169,0.2636,0.337,0.41939
737,1712450527.3797073,0.165,0.28295,0.346,0.42693
738,1712450672.3509743,0.229,0.30682,0.358,0.42316
739,1712450761.908091,0.217,0.28621,0.346,0.4317
740,1712450929.0625641,0.169,0.27616,0.346,0.4224
741,1712451352.2295272,0.153,0.26862,0.337,0.4209
742,1712451508.2095957,0.136,0.24149,0.333,0.42165
743,1712451631.0845983,0.157,0.26335,0.346,0.42391
744,1712451809.0816834,0.161,0.27918,0.346,0.42064
745,1712451931.9068723,0.153,0.26084,0.346,0.42064
746,1712452354.7085166,0.165,0.25656,0.346,0.41713
747,1712452477.4814675,0.165,0.31536,0.337,0.41813
748,1712452633.4652643,0.092,0.26712,0.386,0.4214
749,1712452745.4161522,0.124,0.27541,0.358,0.41235
750,1712452856.9797149,0.161,0.27943,0.317,0.41788
751,1712453312.9783292,0.209,0.26687,0.333,0.4219
752,1712453436.0007415,0.128,0.25556,0.305,0.41964
753,1712453581.1514497,0.157,0.2636,0.346,0.41311
754,1712453737.4875555,0.124,0.23043,0.317,0.42567
755,1712453860.4238627,0.136,0.26435,0.333,0.41863
756,1712454316.4930575,0.132,0.27591,0.329,0.42969
757,1712454439.4027603,0.221,0.28847,0.337,0.40758
758,1712454617.631752,0.14,0.2847,0.313,0.42768
759,1712454740.4367535,0.149,0.26812,0.293,0.41738
760,1712454863.3361988,0.229,0.28646,0.354,0.42265
761,1712455297.1519186,0.185,0.2636,0.317,0.41612
762,1712455442.2957528,0.145,0.24576,0.333,0.41713
763,1712455576.170943,0.14,0.28119,0.317,0.4224
764,1712455721.1569612,0.136,0.22365,0.313,0.41185
765,1712455877.0204027,0.161,0.27993,0.293,0.4224
766,1712456355.016257,0.157,0.23697,0.297,0.41411
767,1712456477.753782,0.153,0.23973,0.329,0.4111
768,1712456600.7581856,0.149,0.26812,0.333,0.41436
769,1712456757.0656953,0.1,0.29249,0.378,0.42316
770,1712456913.1924293,0.145,0.25028,0.305,0.41537
771,1712457358.5826828,0.177,0.27842,0.341,0.41185
772,1712457492.6089783,0.14,0.26435,0.337,0.41411
773,1712457637.7329822,0.213,0.27666,0.305,0.41286
774,1712457793.9441116,0.185,0.24953,0.285,0.4121
775,1712457939.162005,0.145,0.25305,0.337,0.40984
776,1712458373.33882,0.177,0.2543,0.325,0.41135
777,1712458518.5071938,0.169,0.25129,0.325,0.40884
778,1712458608.3467097,0.374,0.40003,0.426,0.39753
779,1712458709.3478396,0.14,0.26385,0.321,0.38698
780,1712458832.2976477,0.165,0.26134,0.337,0.40858
781,1712459266.4198565,0.128,0.23948,0.329,0.41487
782,1712459411.579226,0.124,0.25883,0.333,0.40832999999999997
783,1712459534.39971,0.132,0.26234,0.341,0.41914
784,1712459690.5683904,0.124,0.25204,0.297,0.40281
785,1712459835.8542855,0.221,0.31335,0.358,0.41813
786,1712460270.346933,0.124,0.25757,0.293,0.39753
787,1712460415.284519,0.157,0.25506,0.329,0.41763
788,1712460571.1906633,0.116,0.22214,0.301,0.39753
789,1712460727.2303712,0.237,0.27541,0.309,0.41487
790,1712460850.5241518,0.12,0.2342,0.301,0.40381
791,1712461295.437762,0.185,0.29073,0.337,0.41637
792,1712461429.4877727,0.116,0.23697,0.289,0.39979
793,1712461563.41434,0.092,0.21812,0.317,0.41411
794,1712461686.462544,0.124,0.19727,0.305,0.40683
795,1712461831.3983245,0.14,0.26435,0.333,0.40607
796,1712462254.2962081,0.116,0.21888,0.321,0.41713
797,1712462399.230905,0.124,0.24727,0.329,0.39979
798,1712462522.125151,0.116,0.24501,0.321,0.40431
799,1712462644.9686737,0.124,0.25556,0.337,0.41411
800,1712462767.9180832,0.12,0.23872,0.333,0.40281
801,1712463190.8078823,0.116,0.24727,0.277,0.40657
802,1712463313.519747,0.072,0.25807,0.378,0.4126
803,1712463436.3904967,0.128,0.28244,0.325,0.40406
804,1712463559.2127159,0.128,0.22842,0.317,0.39300999999999997
805,1712463681.9398026,0.128,0.22239,0.325,0.40281
806,1712464104.8487267,0.124,0.2435,0.301,0.41286
807,1712464227.7848346,0.136,0.25179,0.337,0.40029
808,1712464350.7095554,0.124,0.25179,0.285,0.40456
809,1712464474.0133033,0.136,0.26234,0.321,0.41059
810,1712464596.9170175,0.145,0.22516,0.273,0.4013
811,1712465041.7845469,0.128,0.28295,0.321,0.40507
812,1712465164.70411,0.128,0.24626,0.309,0.41185
813,1712465309.9722643,0.14,0.28144,0.333,0.39276
814,1712465466.04505,0.128,0.24928,0.273,0.4116
815,1712465611.0233662,0.128,0.21536,0.309,0.39678
816,1712466056.1711075,0.128,0.25807,0.297,0.40984
817,1712466201.3670328,0.169,0.26938,0.333,0.39728
818,1712466324.2818804,0.205,0.27943,0.346,0.41009
819,1712466447.112021,0.169,0.2646,0.333,0.39879
820,1712466570.0741127,0.157,0.25481,0.313,0.39552
821,1712466993.0302234,0.14,0.2641,0.333,0.40004
822,1712467115.8558354,0.132,0.26712,0.317,0.39803
823,1712467238.7367892,0.008,0.27867,0.39,0.38748
824,1712467383.7504637,0.145,0.2538,0.325,0.39552
825,1712467528.7599232,0.173,0.25908,0.333,0.39450999999999997
826,1712467962.7851217,0.229,0.25506,0.325,0.39627
827,1712468108.1075096,0.124,0.24249,0.317,0.39753
828,1712468252.9776025,0.181,0.2744,0.333,0.39627
829,1712468409.0848322,0.128,0.23596,0.309,0.39652
830,1712468554.0338907,0.128,0.22541,0.313,0.39853
831,1712468977.1094332,0.189,0.25983,0.273,0.39602
832,1712469122.0669546,0.116,0.20782,0.305,0.39678
833,1712469267.117812,0.157,0.293,0.301,0.39450999999999997
834,1712469423.0432813,0.084,0.23068,0.297,0.39703
835,1712469568.1267257,0.221,0.22114,0.305,0.39300999999999997
836,1712470013.1618924,0.08,0.20857,0.297,0.392
837,1712470136.1100411,0.088,0.25656,0.297,0.39225
838,1712470259.0865126,0.084,0.22491,0.305,0.3822
839,1712470381.93568,0.036,0.21812,0.386,0.39175
840,1712470526.776732,0.076,0.26712,0.289,0.39175
841,1712470949.8311021,0.076,0.22591,0.289,0.38371
842,1712471072.4899657,0.088,0.22013,0.297,0.38873
843,1712471217.1268685,0.088,0.21159,0.309,0.39024
844,1712471361.695477,0.145,0.26234,0.313,0.39225
845,1712471484.1633196,0.104,0.23345,0.313,0.39954
846,1712471906.5994375,0.136,0.2146,0.321,0.39024
847,1712472029.0938964,0.1,0.23772,0.313,0.37793
848,1712472151.6129158,0.036,0.14752,0.354,0.38647
849,1712472274.0931964,0.068,0.19651,0.301,0.39778
850,1712472418.6307487,0.076,0.24727,0.305,0.38396
851,1712472841.0951831,0.076,0.21913,0.277,0.38823
852,1712472963.5176995,0.124,0.21611,0.277,0.39502
853,1712473108.0845964,0.209,0.25104,0.313,0.38396
854,1712473230.5467658,0.08,0.21209,0.257,0.38698
855,1712473375.0927958,0.104,0.22591,0.297,0.39502
856,1712473797.5505664,0.124,0.23018,0.257,0.38195
857,1712473919.9740758,0.032,0.21285,0.293,0.38095
858,1712474064.5416052,0.132,0.23445,0.293,0.3915
859,1712474186.9947097,0.124,0.21988,0.261,0.3812
860,1712474298.454557,0.136,0.21837,0.305,0.37391
861,1712474698.8517964,0.132,0.23596,0.301,0.37793
862,1712474821.3046243,0.14,0.26335,0.305,0.38069
863,1712474965.8661664,0.161,0.20682,0.233,0.38672
864,1712475088.3576598,0.145,0.23797,0.305,0.36838
865,1712475210.8497589,0.032,0.21862,0.313,0.38195
866,1712475655.421789,0.153,0.23546,0.257,0.38873
867,1712475777.8784733,0.169,0.22842,0.293,0.3714
868,1712475900.4108999,0.032,0.20857,0.301,0.37843
869,1712476022.8742802,0.149,0.24375,0.281,0.37918999999999997
870,1712476134.239684,0.213,0.26109,0.321,0.37843
871,1712476556.7067404,0.157,0.23068,0.309,0.37567
872,1712476679.1981559,0.165,0.23772,0.305,0.36436
873,1712476801.668203,0.157,0.2337,0.301,0.37316
874,1712476924.1769452,0.165,0.23772,0.305,0.38522
875,1712477068.7348907,0.165,0.24274,0.293,0.36989
876,1712477491.2200081,0.161,0.23872,0.301,0.37391
877,1712477613.671318,0.197,0.20908,0.241,0.38245
878,1712477758.3096576,0.165,0.24551,0.301,0.37039
879,1712477902.8647296,0.213,0.24903,0.309,0.36989
880,1712478025.3456306,0.128,0.24274,0.301,0.37165
881,1712478469.9494624,0.132,0.22591,0.261,0.35632
882,1712478614.5139842,0.12,0.22164,0.305,0.37693
883,1712478737.0043094,0.201,0.2543,0.289,0.36688
884,1712478859.486573,0.124,0.22214,0.301,0.35858
885,1712478981.974,0.12,0.20305,0.293,0.3626
886,1712479426.567796,0.1,0.26259,0.277,0.36461
887,1712479571.146887,0.124,0.19551,0.281,0.3626
888,1712479693.6186106,0.112,0.23521,0.273,0.37341
889,1712479816.101441,0.076,0.24551,0.269,0.36235
890,1712479960.7264602,0.076,0.16486,0.245,0.35582
891,1712480383.1367736,0.076,0.21661,0.273,0.36788
892,1712480527.7212822,0.233,0.22717,0.277,0.36059
893,1712480672.2808225,0.072,0.17893,0.273,0.3611
894,1712480816.8656628,0.1,0.25832,0.273,0.35959
895,1712480939.3613608,0.076,0.21008,0.273,0.35004
896,1712481372.9106836,0.128,0.21636,0.269,0.36235
897,1712481484.3423517,0.076,0.2028,0.249,0.36914
898,1712481584.7112834,0.1,0.20631,0.265,0.35783
899,1712481696.1443965,0.096,0.21561,0.265,0.35808
900,1712481840.6885417,0.08,0.26084,0.333,0.35029
901,1712482285.321546,0.128,0.18546,0.245,0.36788
902,1712482485.1392703,0.177,0.24601,0.301,0.35708
903,1712482607.597149,0.076,0.18119,0.273,0.35155
904,1712482752.2081249,0.145,0.22491,0.285,0.35884
905,1712482907.8233778,0.064,0.16837,0.257,0.35808
906,1712483330.3224967,0.04,0.21938,0.293,0.36085
907,1712483474.8926482,0.06,0.19978,0.261,0.37165
908,1712483597.3805516,0.064,0.18295,0.261,0.35733
909,1712483719.8504927,0.092,0.20204,0.301,0.35406
910,1712483886.5350745,0.136,0.24651,0.285,0.36914
911,1712484364.236931,0.108,0.19953,0.265,0.35934
912,1712484508.8067725,0.124,0.18244,0.265,0.3518
913,1712484653.4162734,0.128,0.20656,0.277,0.35381
914,1712484775.8993835,0.044,0.23973,0.329,0.35532
915,1712484898.3469677,0.128,0.19325,0.265,0.348
916,1712485320.9830995,0.124,0.2131,0.253,0.35884
917,1712485443.4242437,0.12,0.19274,0.265,0.36486999999999997
918,1712485565.8603604,0.132,0.19375,0.229,0.35331
919,1712485688.310948,0.145,0.18973,0.261,0.348
920,1712485832.8983014,0.173,0.1935,0.265,0.35331
921,1712486277.5095735,0.153,0.19325,0.277,0.35607
922,1712486399.9514465,0.132,0.21511,0.273,0.3508
923,1712486544.5333521,0.169,0.24626,0.289,0.36386
924,1712486667.0131662,0.149,0.17968,0.273,0.35306
925,1712486811.6079257,0.181,0.24274,0.293,0.35708
926,1712487234.1059291,0.169,0.21536,0.281,0.36537
927,1712487378.6799626,0.193,0.2342,0.277,0.34954
928,1712487523.2197182,0.181,0.23194,0.285,0.3508
929,1712487623.5192297,0.157,0.21762,0.277,0.36336
930,1712487745.9761527,0.165,0.19551,0.217,0.3523
931,1712488168.4247336,0.185,0.22616,0.257,0.348
932,1712488313.0036938,0.177,0.23621,0.277,0.34954
933,1712488457.5412226,0.213,0.23948,0.265,0.35281
934,1712488557.9037056,0.233,0.25229,0.285,0.348
935,1712488680.4134705,0.169,0.19928,0.217,0.35406
936,1712489125.0177922,0.161,0.20631,0.241,0.36361
937,1712489236.472443,0.173,0.26787,0.293,0.3508
938,1712489336.818312,0.096,0.16435,0.277,0.348
939,1712489459.3110263,0.149,0.22968,0.285,0.348
940,1712489581.7898364,0.169,0.21913,0.269,0.348
941,1712490004.2847693,0.12,0.23169,0.305,0.3616
942,1712490148.867708,0.1,0.22516,0.297,0.348
943,1712490271.374747,0.128,0.18872,0.261,0.34929
944,1712490415.968776,0.12,0.21762,0.241,0.35582
945,1712490560.564436,0.112,0.2033,0.245,0.348
946,1712490983.0672386,0.124,0.22666,0.273,0.35783
947,1712491105.5247028,0.052,0.21586,0.273,0.34853
948,1712491228.0043652,0.229,0.22013,0.277,0.348
949,1712491394.6772034,0.068,0.20104,0.265,0.34853
950,1712491550.2823832,0.104,0.22792,0.293,0.348
951,1712491961.6845255,0.076,0.14802,0.265,0.3513
952,1712492084.1692233,0.08,0.20254,0.257,0.3611
953,1712492228.7474635,0.149,0.17692,0.201,0.348
954,1712492351.1930208,0.08,0.18119,0.253,0.3513
955,1712492495.7988386,0.088,0.21008,0.257,0.35858
956,1712492896.2007854,0.116,0.25581,0.305,0.348
957,1712493029.7083502,0.088,0.20254,0.257,0.348
958,1712493141.1407666,0.044,0.19651,0.237,0.34979
959,1712493285.7118247,0.064,0.20003,0.257,0.35758
960,1712493397.1422977,0.104,0.20506,0.249,0.348
961,1712493830.6762154,0.084,0.18973,0.237,0.348
962,1712493953.1350074,0.088,0.18621,0.237,0.35783
963,1712494064.5588005,0.088,0.19526,0.253,0.34929
964,1712494164.9102454,0.096,0.18671,0.249,0.34853
965,1712494276.3158994,0.072,0.17792,0.249,0.348
966,1712494731.9564238,0.076,0.16837,0.241,0.348
967,1712494854.446441,0.096,0.16888,0.237,0.36286
968,1712494999.0209522,0.12,0.19375,0.257,0.348
969,1712495088.3027835,0.06,0.20757,0.305,0.35331
970,1712495188.6868784,0.02,0.20707,0.329,0.348
971,1712495666.3966038,0.124,0.2043,0.245,0.36009
972,1712495844.1162899,0.08,0.19651,0.265,0.35004
973,1712495966.6214573,0.153,0.20857,0.225,0.34979
974,1712496111.1917665,0.169,0.18671,0.201,0.35054
975,1712496233.6820962,0.016,0.194,0.293,0.3616
976,1712496656.138575,0.12,0.20732,0.253,0.34904
977,1712496800.7163095,0.04,0.16963,0.229,0.348
978,1712496934.2435439,0.136,0.21008,0.249,0.35884
979,1712497045.641229,0.169,0.19601,0.213,0.348
980,1712497212.2868276,0.177,0.2146,0.273,0.348
981,1712497690.0753427,0.124,0.19149,0.241,0.348
982,1712497812.5853896,0.173,0.19325,0.245,0.348
983,1712497990.334667,0.128,0.20254,0.253,0.348
984,1712498168.084164,0.132,0.20807,0.273,0.348
985,1712498345.883553,0.157,0.18822,0.201,0.348
986,1712498812.5379379,0.201,0.23068,0.261,0.348
987,1712498935.0076869,0.132,0.20455,0.253,0.348
988,1712499046.4320626,0.145,0.16209,0.225,0.348
989,1712499168.915406,0.024,0.18621,0.309,0.348
990,1712499346.6820097,0.153,0.18621,0.265,0.34803
991,1712499758.095659,0.112,0.19199,0.277,0.348
992,1712499891.6196778,0.12,0.2033,0.269,0.348
993,1712500025.189945,0.145,0.19199,0.221,0.35004
994,1712500401.3065023,0.153,0.21712,0.265,0.348
995,1712500868.044791,0.177,0.19903,0.213,0.348
996,1712501023.6864107,0.177,0.20053,0.241,0.348
997,1712501351.9270625,0.088,0.21536,0.261,0.333
998,1712501496.546017,0.064,0.22566,0.313,0.33396
999,1712501919.0231507,0.06,0.23345,0.313,0.32215
1000,1712502085.761374,0.108,0.25254,0.297,0.34451
1001,1712502175.0999563,0.052,0.22918,0.305,0.33195
1002,1712502264.4124248,0.08,0.22541,0.309,0.33396
1003,1712502364.792709,0.084,0.23847,0.313,0.33321
1004,1712502754.173056,0.1,0.23018,0.301,0.33321
1005,1712502843.480265,0.149,0.24501,0.301,0.33195
1006,1712502988.0912883,0.104,0.25154,0.309,0.33296
1007,1712503088.4621215,0.209,0.24224,0.317,0.32693
1008,1712503199.906021,0.068,0.2244,0.321,0.33421
1009,1712503600.2554522,0.072,0.21938,0.313,0.3312
1010,1712503744.8287425,0.12,0.2347,0.313,0.34326
1011,1712503834.1951594,0.108,0.22591,0.337,0.3322
1012,1712503934.5960124,0.072,0.23521,0.337,0.33044
1013,1712504057.0327792,0.153,0.27666,0.317,0.32969
1014,1712504446.6601257,0.084,0.27867,0.321,0.31713
1015,1712504569.6965556,0.06,0.23697,0.329,0.3224
1016,1712504659.3648038,0.028,0.22566,0.337,0.33371
1017,1712504760.1936889,0.096,0.2239,0.289,0.33522
1018,1712504872.0144591,0.06,0.20958,0.329,0.33522
1019,1712505272.7577956,0.12,0.23772,0.333,0.34351
1020,1712505362.1646857,0.056,0.20757,0.346,0.34477
1021,1712505485.0685604,0.02,0.22591,0.333,0.34326
1022,1712505574.6488042,0.056,0.24149,0.317,0.33446
1023,1712505675.335516,0.092,0.24727,0.329,0.33321
1024,1712506065.0183077,0.064,0.22089,0.325,0.3317
1025,1712506154.7138615,0.06,0.25028,0.301,0.33296
1026,1712506255.2509203,0.048,0.20958,0.305,0.33195
1027,1712506345.110137,0.028,0.20606,0.309,0.3312
1028,1712506445.9547381,0.004,0.19802,0.269,0.32969
1029,1712506857.645729,0.008,0.17315,0.325,0.31587
1030,1712506958.242551,0.024,0.18068,0.325,0.31863
1031,1712507069.9792876,0.1,0.23571,0.293,0.3317
1032,1712507170.730492,0.02,0.21938,0.301,0.32743
1033,1712507260.3207877,0.016,0.22792,0.305,0.32466
1034,1712507661.1612659,0.084,0.21687,0.301,0.32542
1035,1712507806.1081023,0.064,0.17692,0.317,0.33698
1036,1712507895.701366,0.06,0.17591,0.261,0.32617
1037,1712507996.5856366,0.052,0.21435,0.321,0.32743
1038,1712508086.4721963,0.06,0.21561,0.321,0.31562
1039,1712508476.1358893,0.12,0.26385,0.317,0.31688
1040,1712508576.8943114,0.128,0.26285,0.325,0.32567
1041,1712508721.9302201,0.012,0.22842,0.325,0.33069
1042,1712508811.659114,0.092,0.21611,0.297,0.33698
1043,1712508934.6170182,0.024,0.1945,0.321,0.33823
1044,1712509335.3808417,0.108,0.24702,0.321,0.32693
1045,1712509447.2412522,0.161,0.24601,0.337,0.32064
1046,1712509548.1543427,0.084,0.19827,0.329,0.3116
1047,1712509637.732736,0.181,0.24601,0.321,0.31788
1048,1712509760.5107794,0.056,0.21159,0.273,0.32592
1049,1712510150.0672512,0.052,0.20883,0.289,0.3209
1050,1712510251.0158534,0.036,0.18521,0.289,0.32366
1051,1712510340.758499,0.032,0.25455,0.305,0.32341
1052,1712510430.5243647,0.028,0.24174,0.297,0.3209
1053,1712510531.3445165,0.012,0.24903,0.317,0.32115
1054,1712510954.1496098,0.024,0.24375,0.313,0.33723
1055,1712511264.9114068,0.04,0.25204,0.317,0.33622
1056,1712511354.598772,0.016,0.23546,0.329,0.32592
1057,1712511455.3940904,0.028,0.23722,0.325,0.32617
1058,1712511545.468986,0.008,0.24978,0.317,0.32492
1059,1712511935.330614,0.112,0.2347,0.309,0.32391
1060,1712512036.1359043,0.04,0.24224,0.309,0.32416
1061,1712512125.9973378,0.064,0.27491,0.329,0.32039
1062,1712512226.726329,0.016,0.27139,0.329,0.32165
1063,1712512338.4182088,0.012,0.21913,0.321,0.31311
1064,1712512739.304704,0.044,0.24249,0.337,0.3209
1065,1712512829.0597446,0.02,0.24425,0.341,0.32517
1066,1712512951.9676402,0.132,0.25983,0.309,0.32115
1067,1712513074.8539212,0.012,0.22566,0.309,0.32793
1068,1712513164.4335256,0.028,0.21862,0.305,0.32064
1069,1712513587.0252516,0.064,0.19576,0.325,0.31964
1070,1712513687.6506891,0.06,0.21511,0.317,0.30708
1071,1712513799.3731627,0.056,0.22692,0.321,0.32115
1072,1712513900.12309,0.028,0.20908,0.301,0.32115
1073,1712514022.854107,0.036,0.22641,0.293,0.32064
1074,1712514412.686902,0.036,0.22089,0.285,0.32944
1075,1712514502.5770965,0.016,0.22541,0.325,0.32944
1076,1712514603.4480634,0.004,0.21134,0.309,0.32969
1077,1712514726.6464162,0.004,0.2739,0.337,0.31964
1078,1712514816.6970634,0.028,0.29199,0.333,0.30708
1079,1712515206.374603,0.016,0.24727,0.329,0.30833
1080,1712515306.9251556,0.052,0.23797,0.341,0.31185
1081,1712515396.68078,0.004,0.23898,0.317,0.30632
1082,1712515497.3887794,0.08,0.20908,0.285,0.30858
1083,1712515609.210993,0.008,0.20355,0.325,0.31813
1084,1712516010.2193222,0.008,0.19601,0.293,0.3214
1085,1712516099.851213,0.008,0.21159,0.333,0.31537
1086,1712516200.6284938,0.008,0.17918,0.305,0.31738
1087,1712516312.3639798,0.004,0.19626,0.337,0.32667
1088,1712516413.0692186,0.02,0.23395,0.321,0.32919
1089,1712516802.7371058,0.032,0.21008,0.309,0.32617
1090,1712516965.7810328,0.032,0.25782,0.313,0.31889
1091,1712517088.3661928,0.028,0.19802,0.297,0.30507
1092,1712517210.8149028,0.016,0.17918,0.293,0.31713
1093,1712517933.7127054,-0.0,0.21888,0.317,0.32416
1094,1712518045.5847404,0.032,0.19099,0.305,0.31512
1095,1712518146.0166469,0.036,0.14124,0.305,0.31411
1096,1712518268.5461538,0.016,0.20254,0.325,0.30281
1097,1712518391.0492706,0.02,0.19375,0.309,0.31537
1098,1712519102.5052812,0.028,0.18345,0.317,0.32391
1099,1712519202.939523,0.036,0.26687,0.325,0.32316
1100,1712519292.27162,0.044,0.19777,0.309,0.32215
1101,1712519381.6386836,0.008,0.21812,0.293,0.32291
1102,1712519482.073798,0.036,0.21712,0.305,0.31939
1103,1712520204.832793,0.004,0.24978,0.333,0.32165
1104,1712520294.2574904,0.016,0.21988,0.301,0.30934
1105,1712520383.8129766,0.024,0.22842,0.297,0.30657
1106,1712520484.5731628,0.016,0.22491,0.297,0.30884
1107,1712520574.4663942,0.032,0.21586,0.301,0.30833
1108,1712521264.2591639,0.02,0.22842,0.305,0.30984
1109,1712521364.7572248,0.012,0.21385,0.305,0.30783
1110,1712521487.6129901,0.072,0.20455,0.317,0.30582
1111,1712521610.4117012,0.008,0.2146,0.293,0.30783
1112,1712521700.0605652,0.012,0.20531,0.293,0.30431
1113,1712522422.9305518,0.02,0.21033,0.293,0.30557
1114,1712522512.5331247,0.008,0.2038,0.309,0.31185
1115,1712522635.401355,-0.0,0.21712,0.321,0.30507
1116,1712522724.997398,0.024,0.22239,0.305,0.30331
1117,1712522825.6594667,0.02,0.23043,0.289,0.30406
1118,1712523515.3838348,0.024,0.2244,0.325,0.30306
1119,1712523605.2101142,0.044,0.22943,0.301,0.30281
1120,1712523705.943544,0.036,0.21184,0.293,0.30255
1121,1712523828.7500827,0.028,0.22616,0.333,0.29225
1122,1712523918.459279,0.012,0.21913,0.305,0.30431
1123,1712524641.5865479,0.04,0.23496,0.305,0.30331
1124,1712524731.3276892,0.008,0.22491,0.317,0.30733
1125,1712524832.0247395,0.044,0.23521,0.305,0.30431
1126,1712524954.8255804,0.076,0.22315,0.305,0.30758
1127,1712525066.6933932,0.016,0.23621,0.305,0.30004
1128,1712525767.4961834,-0.0,0.19526,0.317,0.29351
1129,1712525857.2382736,0.02,0.16435,0.297,0.29225
1130,1712525957.9507034,0.072,0.23571,0.297,0.2915
1131,1712526047.5807414,0.145,0.23194,0.305,0.29502
1132,1712526148.4875777,0.012,0.19777,0.305,0.29301
1133,1712526838.2841852,0.056,0.21335,0.301,0.29929
1134,1712526927.7852788,0.092,0.21536,0.309,0.29527
1135,1712527028.4931955,0.004,0.20908,0.309,0.29175
1136,1712527118.148034,0.024,0.19953,0.301,0.29728
1137,1712527218.9900856,0.02,0.19651,0.265,0.29502
1138,1712527908.8471882,0.028,0.21988,0.305,0.29954
1139,1712528032.0115502,0.068,0.24852,0.285,0.29627
1140,1712528121.6249485,0.032,0.24903,0.285,0.30431
1141,1712528222.4887273,-0.0,0.21862,0.305,0.30306
1142,1712528312.0178049,0.02,0.23269,0.289,0.30456
1143,1712529012.7020102,0.024,0.18521,0.285,0.30431
1144,1712529135.6116617,0.004,0.21109,0.293,0.29426
1145,1712529225.6065865,0.008,0.21385,0.289,0.292
1146,1712529315.3745408,0.032,0.2234,0.305,0.292
1147,1712529416.0954702,0.056,0.2538,0.309,0.29125
1148,1712530139.022936,0.052,0.21159,0.301,0.28396
1149,1712530228.8039594,0.016,0.20782,0.301,0.29276
1150,1712530329.6001039,-0.0,0.21661,0.293,0.2925
1151,1712530419.3349051,0.036,0.19073,0.305,0.29024
1152,1712530520.196436,0.008,0.20355,0.289,0.2915
1153,1712531209.8104613,0.012,0.18973,0.289,0.28899
1154,1712531299.5674942,0.008,0.19325,0.293,0.28924
1155,1712531400.4380949,0.004,0.18395,0.261,0.28924
1156,1712531490.1010497,0.008,0.18169,0.277,0.28823
1157,1712531591.0148888,-0.0,0.16385,0.273,0.28823
1158,1712532280.733172,0.012,0.194,0.257,0.28999
1159,1712532370.31728,0.024,0.2146,0.253,0.28597
1160,1712532493.306816,0.02,0.20656,0.297,0.29125
1161,1712532593.9779906,0.04,0.21787,0.273,0.292
1162,1712532683.7333558,0.044,0.2136,0.273,0.28698
1163,1712533384.455824,0.016,0.17692,0.273,0.28823
1164,1712533507.2854955,0.048,0.21109,0.273,0.28471
1165,1712533596.9736161,0.012,0.16008,0.297,0.27843
1166,1712533697.8350043,0.02,0.18596,0.281,0.27843
1167,1712533787.3207846,0.032,0.20732,0.281,0.28069
1168,1712534488.0490227,0.02,0.16963,0.293,0.27868
1169,1712534610.87969,0.016,0.17943,0.265,0.28622
1170,1712534700.5789125,0.008,0.19224,0.249,0.28446
1171,1712534801.5794115,0.024,0.1842,0.269,0.28321
1172,1712534913.4375453,0.016,0.19274,0.285,0.29074
1173,1712535614.024624,0.028,0.18772,0.265,0.28748
1174,1712535703.8478603,0.104,0.20656,0.261,0.2827
1175,1712535804.6943192,0.012,0.18973,0.293,0.28195
1176,1712535894.305359,0.02,0.18747,0.277,0.28069
1177,1712535995.0463657,0.016,0.19626,0.265,0.28069
1178,1712536684.708999,0.221,0.27365,0.293,0.28069
1179,1712536785.4953816,0.024,0.18722,0.257,0.27919
1180,1712536897.1938374,0.032,0.21837,0.273,0.27466
1181,1712537031.0505269,0.032,0.22692,0.297,0.27718
1182,1712537120.6623409,0.008,0.20682,0.261,0.27994
1183,1712537843.5578206,0.044,0.19978,0.273,0.28446
1184,1712537944.4042702,0.06,0.1842,0.265,0.28019
1185,1712538034.2586606,0.02,0.18722,0.293,0.27843
1186,1712538124.1865566,0.02,0.18596,0.285,0.27793
1187,1712538225.0430837,0.056,0.20506,0.277,0.27693
1188,1712538914.7899919,0.044,0.19551,0.293,0.27743
1189,1712539015.415775,0.02,0.19802,0.269,0.27793
1190,1712539138.503676,0.028,0.20254,0.281,0.2719
1191,1712539261.2792878,0.024,0.18621,0.273,0.27919
1192,1712539361.9753633,0.024,0.17139,0.277,0.27969
1193,1712540051.6861668,0.012,0.16913,0.277,0.28321
1194,1712540185.6903975,0.016,0.17063,0.277,0.28346
1195,1712540297.6675177,0.12,0.20631,0.257,0.27265
1196,1712540387.3670638,0.12,0.22591,0.273,0.27291
1197,1712540488.2433596,0.056,0.20581,0.281,0.2719
1198,1712541177.9355946,0.044,0.18822,0.269,0.27566999999999997
1199,1712541278.6420639,0.068,0.20983,0.293,0.27391
1200,1712541368.3406293,0.056,0.20104,0.305,0.27718
1201,1712541480.1828284,0.004,0.18797,0.245,0.27642
1202,1712541592.1368618,0.088,0.21737,0.285,0.28019
1203,1712542303.9662762,0.024,0.19903,0.301,0.28095
1204,1712542438.1690233,0.136,0.1935,0.301,0.27215
1205,1712542538.885711,0.036,0.19023,0.261,0.27316
1206,1712542661.9424667,0.012,0.16938,0.297,0.27566999999999997
1207,1712542762.8287237,0.036,0.17792,0.269,0.28044
1208,1712543463.4354255,0.052,0.16762,0.265,0.27969
1209,1712543575.1892843,0.008,0.18847,0.277,0.27441
1210,1712543675.906063,0.032,0.17943,0.269,0.27416
1211,1712543765.7217188,0.016,0.18295,0.253,0.27265
1212,1712543866.3838549,0.016,0.21033,0.277,0.27416
1213,1712544567.4544342,0.044,0.15531,0.269,0.26989
1214,1712544679.825289,0.052,0.21159,0.261,0.27316
1215,1712544780.8619947,0.008,0.17264,0.261,0.27215
1216,1712544870.9437313,0.02,0.22189,0.289,0.27265
1217,1712544982.8882875,0.032,0.19224,0.289,0.27341
1218,1712545706.1712303,0.02,0.21988,0.277,0.27341
1219,1712545806.8802304,0.024,0.20079,0.293,0.26914
1220,1712545952.1212838,0.012,0.21435,0.281,0.27265
1221,1712546064.1076386,0.056,0.17365,0.261,0.27416
1222,1712546164.7207797,0.048,0.17893,0.265,0.27316
1223,1712546865.5979116,0.04,0.20682,0.285,0.27341
1224,1712546944.118006,0.145,0.23521,0.269,0.27215
1225,1712547078.2506473,0.032,0.19576,0.273,0.27215
1226,1712547189.9771328,0.016,0.19224,0.269,0.27165
1227,1712547312.7511978,0.056,0.19702,0.277,0.27466
1228,1712548035.442837,0.02,0.17767,0.277,0.27566999999999997
1229,1712548158.2125404,0.04,0.19677,0.273,0.2709
1230,1712548281.0458694,0.008,0.18797,0.281,0.27542
1231,1712548359.5833292,0.136,0.23898,0.273,0.27542
1232,1712548471.356,0.056,0.16335,0.277,0.27517
1233,1712549183.2937386,0.02,0.20606,0.281,0.27969
1234,1712549295.1506355,0.044,0.194,0.277,0.27793
1235,1712549451.1842353,0.024,0.19978,0.297,0.27115
1236,1712549573.988201,0.016,0.21058,0.269,0.28044
1237,1712549696.6367602,0.024,0.23646,0.297,0.27592
1238,1712550386.4461277,0.028,0.17264,0.273,0.26863
1239,1712550476.1771345,0.028,0.1847,0.265,0.27115
1240,1712550576.8330874,0.044,0.2131,0.281,0.27165
1241,1712550655.3250394,0.177,0.23923,0.277,0.27039
1242,1712550756.0428684,0.032,0.20732,0.269,0.27391
1243,1712551456.7701113,0.024,0.21988,0.269,0.27341
1244,1712551557.5933824,0.128,0.1832,0.285,0.2714
1245,1712551647.324017,0.032,0.18068,0.249,0.26964
1246,1712551737.1923137,0.036,0.17189,0.257,0.27064
1247,1712551849.007541,0.028,0.18797,0.273,0.26964
1248,1712552560.936945,0.036,0.20154,0.241,0.27466
1249,1712552661.6605623,0.044,0.17842,0.273,0.27566999999999997
1250,1712552795.549172,0.016,0.1847,0.301,0.27894
1251,1712552940.7871583,0.032,0.20883,0.273,0.27039
1252,1712553052.661792,0.088,0.18847,0.269,0.27642
1253,1712553753.5623362,0.044,0.19476,0.277,0.27793
1254,1712553843.228992,0.092,0.2038,0.253,0.27592
1255,1712553965.8853278,0.06,0.16787,0.229,0.27642
1256,1712554077.5554209,0.064,0.16988,0.245,0.26863
1257,1712554167.3071377,0.048,0.16963,0.273,0.26989
1258,1712554867.988031,0.076,0.19325,0.261,0.26838
1259,1712554979.8127935,0.092,0.20154,0.245,0.27366
1260,1712555080.322906,0.056,0.19928,0.249,0.27341
1261,1712555169.7935076,0.056,0.19677,0.265,0.27265
1262,1712555259.3131187,0.124,0.2141,0.261,0.27215
1263,1712555959.7252097,0.044,0.18847,0.253,0.27215
1264,1712556049.4008377,0.064,0.20757,0.281,0.2724
1265,1712556150.4412365,0.02,0.19073,0.285,0.27441
1266,1712556262.0693004,0.036,0.17692,0.277,0.27416
1267,1712556396.0246365,0.06,0.16963,0.249,0.27666999999999997
1268,1712557119.0005672,0.084,0.19199,0.285,0.2724
1269,1712557241.9180279,0.02,0.15631,0.281,0.27517
1270,1712557364.753859,0.052,0.19375,0.261,0.27868
1271,1712557487.562614,0.132,0.19626,0.261,0.27441
1272,1712557610.382567,0.02,0.16938,0.221,0.27793
1273,1712558344.185413,0.004,0.19651,0.293,0.28019
1274,1712558500.2507102,0.072,0.19501,0.253,0.27366
1275,1712558645.1994536,0.04,0.18119,0.257,0.28145
1276,1712558745.9761245,0.06,0.21109,0.281,0.27492
1277,1712558879.8550053,0.068,0.19777,0.261,0.27768
1278,1712559591.6638012,0.08,0.20656,0.281,0.27994
1279,1712559747.563263,0.044,0.17792,0.273,0.2817
1280,1712559848.3431113,0.249,0.27491,0.289,0.28044
1281,1712559993.3967457,0.076,0.18797,0.265,0.28019
1282,1712560094.0034227,0.088,0.19375,0.257,0.28019
1283,1712560794.7353806,0.036,0.20355,0.305,0.28069
1284,1712560906.400689,0.04,0.19124,0.273,0.27944
1285,1712561051.2976594,0.221,0.26913,0.285,0.27944
1286,1712561185.1004028,0.004,0.20405,0.265,0.28572
1287,1712561341.0873964,0.036,0.15455,0.249,0.27566999999999997
1288,1712562041.732072,0.032,0.19626,0.277,0.28396
1289,1712562164.48876,0.004,0.19124,0.273,0.2822
1290,1712562253.969253,0.028,0.20682,0.277,0.27743
1291,1712562354.727143,0.072,0.20104,0.269,0.27666999999999997
1292,1712562444.130077,0.108,0.19476,0.253,0.27616999999999997
1293,1712563166.9942365,0.068,0.18722,0.277,0.27542
1294,1712563256.4263074,0.028,0.17164,0.285,0.27064
1295,1712563357.2310357,0.044,0.19727,0.293,0.2724
1296,1712563446.783751,0.032,0.22465,0.289,0.27341
1297,1712563547.4368403,0.149,0.21787,0.261,0.27291
1298,1712564236.9796858,0.12,0.24878,0.301,0.2724
1299,1712564337.751471,0.068,0.20707,0.277,0.27391
1300,1712564482.7035637,0.072,0.19073,0.273,0.27969
1301,1712564583.3341258,0.068,0.18596,0.261,0.2827
1302,1712564706.0816758,0.012,0.2347,0.293,0.27616999999999997
1303,1712565695.0537038,0.04,0.18646,0.257,0.27416
1304,1712565842.3369691,0.02,0.2141,0.285,0.28095
1305,1712565978.1965299,0.032,0.19576,0.277,0.2812
1306,1712566102.9950054,0.02,0.21561,0.305,0.28069
1307,1712566861.815743,0.024,0.18747,0.269,0.28069
1308,1712566986.5080664,0.016,0.20656,0.289,0.28145
1309,1712567111.0664911,0.056,0.18169,0.253,0.28044
1310,1712567258.127394,0.008,0.18169,0.277,0.27944
1311,1712567428.223503,0.016,0.17968,0.261,0.28019
1312,1712568175.4670286,0.012,0.19099,0.289,0.2812
1313,1712568300.0644493,0.04,0.18194,0.273,0.28145
1314,1712568458.8290734,0.028,0.19702,0.297,0.2812
1315,1712568617.2548528,0.024,0.19224,0.285,0.28044
1316,1712568741.9788692,0.036,0.17767,0.269,0.28019
1317,1712569466.6431894,0.008,0.19023,0.277,0.28044
1318,1712569625.7091203,0.048,0.17842,0.277,0.27994
1319,1712569784.6120331,0.016,0.19928,0.273,0.28069
1320,1712569898.194807,0.008,0.20631,0.309,0.28195
1321,1712570056.7814877,0.04,0.20908,0.309,0.2822
1322,1712570781.543844,0.052,0.18722,0.277,0.2822
1323,1712570905.8361304,0.044,0.17666,0.277,0.28145
1324,1712571030.111535,0.04,0.18671,0.293,0.27994
1325,1712571176.8577728,0.044,0.21661,0.297,0.27944
1326,1712571301.1325002,0.044,0.17993,0.273,0.27919
1327,1712572025.4625187,0.044,0.17415,0.257,0.27994
1328,1712572160.9305897,0.036,0.17918,0.277,0.28044
1329,1712572307.6935134,0.044,0.18646,0.257,0.2812
1330,1712572432.0022528,0.072,0.18269,0.301,0.2812
1331,1712572556.277845,0.056,0.18872,0.285,0.27969
1332,1712573269.3307827,0.084,0.1935,0.257,0.27894
1333,1712573449.67376,0.04,0.16812,0.257,0.27843
1334,1712573607.6460268,0.044,0.18948,0.285,0.27919
1335,1712573754.3745363,0.044,0.19249,0.297,0.28069
1336,1712573901.0708106,0.06,0.17767,0.269,0.28095
1337,1712574636.61073,0.056,0.18546,0.257,0.28069
1338,1712574760.8857474,0.052,0.1945,0.269,0.28145
1339,1712574896.3884554,0.028,0.15933,0.245,0.2812
1340,1712575043.1008263,0.048,0.18948,0.285,0.27818
1341,1712575178.6189523,0.048,0.17692,0.261,0.27894
1342,1712576004.2103693,0.012,0.19928,0.285,0.27919
1343,1712576221.4509294,0.032,0.17189,0.237,0.28019
1344,1712576416.0402281,0.032,0.20104,0.297,0.28095
1345,1712576586.6193652,0.064,0.17918,0.249,0.2812
1346,1712576746.5939,0.06,0.19023,0.297,0.28069
1347,1712577472.852054,0.02,0.18144,0.285,0.28145
1348,1712577598.3178642,0.056,0.19576,0.273,0.28145
1349,1712577712.4618368,0.016,0.18194,0.277,0.2822
1350,1712577883.5175524,0.048,0.19375,0.277,0.28296
1351,1712578122.7100189,0.028,0.19576,0.273,0.2812
1352,1712578872.3060668,0.04,0.20405,0.297,0.28019
1353,1712579032.203512,0.012,0.18496,0.273,0.28044
1354,1712579191.721228,0.012,0.18646,0.265,0.28044
1355,1712579362.6961327,0.044,0.1842,0.269,0.2812
1356,1712579476.5726678,0.028,0.19777,0.285,0.2822
1357,1712580202.3887045,0.024,0.18621,0.281,0.2822
1358,1712580328.1094122,0.044,0.18043,0.253,0.27718
1359,1712580442.2486222,0.048,0.1945,0.289,0.27768
1360,1712580556.3545341,-0.0,0.18797,0.281,0.27818
1361,1712580681.9400656,0.032,0.1945,0.265,0.27818
1362,1712581430.0729952,0.024,0.19199,0.281,0.27894
1363,1712581566.7273252,0.016,0.17214,0.281,0.28044
1364,1712581725.976731,0.008,0.18671,0.285,0.27944
1365,1712581862.4426532,-0.0,0.18923,0.265,0.27919
1366,1712581977.004142,0.06,0.19903,0.277,0.28044
1367,1712582771.3058767,0.072,0.18496,0.257,0.28145
1368,1712582896.5941336,0.028,0.19224,0.277,0.28396
1369,1712583044.76712,0.032,0.1935,0.277,0.28346
1370,1712583136.1429431,0.028,0.19375,0.281,0.28421
1371,1712583261.464445,0.068,0.19827,0.273,0.28497
1372,1712583952.632848,0.004,0.19274,0.277,0.28622
1373,1712584044.15367,0.024,0.18772,0.289,0.28924
1374,1712584169.7674508,0.056,0.18445,0.253,0.28974
1375,1712584295.1079147,0.06,0.18621,0.273,0.28899
1376,1712584386.6351194,0.048,0.19878,0.297,0.28873
1377,1712585112.2492867,0.024,0.19827,0.293,0.28899
1378,1712585237.5563748,0.056,0.18772,0.281,0.28848
1379,1712585328.8306437,0.056,0.20581,0.301,0.28873
1380,1712585454.400473,0.04,0.19476,0.277,0.28823
1381,1712585579.9737632,0.116,0.20958,0.273,0.28873
1382,1712586305.201468,0.032,0.18697,0.301,0.28873
1383,1712586430.2525852,0.012,0.19576,0.289,0.28748
1384,1712586555.5476835,0.012,0.19375,0.297,0.28798
1385,1712586647.2130187,0.048,0.18973,0.269,0.28672
1386,1712586772.9843628,0.084,0.18822,0.265,0.28622
1387,1712587486.9009702,0.068,0.22114,0.297,0.28547
1388,1712587589.6955123,0.004,0.17541,0.257,0.28471
1389,1712587715.0374444,0.04,0.19978,0.305,0.28497
1390,1712587839.9201066,0.04,0.21159,0.289,0.28522
1391,1712588021.4712763,0.028,0.18872,0.285,0.28522
1392,1712588780.306755,0.012,0.18119,0.273,0.28371
1393,1712588871.840207,0.056,0.18445,0.261,0.2822
1394,1712588962.550611,0.036,0.20405,0.297,0.28245
1395,1712589087.5913315,0.048,0.21435,0.297,0.28195
1396,1712589340.8572695,0.028,0.18722,0.297,0.2822
1397,1712590148.51712,0.04,0.17842,0.277,0.28245
1398,1712590364.8535616,-0.0,0.17013,0.245,0.2817
1399,1712590548.2927704,0.052,0.18646,0.289,0.28019
1400,1712590719.9676178,0.024,0.17842,0.285,0.27894
1401,1712590868.2917988,0.04,0.17541,0.261,0.28044
1402,1712591594.4065483,0.032,0.19928,0.305,0.2812
1403,1712591732.2346992,0.032,0.17591,0.269,0.27969
1404,1712591869.5212622,-0.0,0.16084,0.257,0.27944
1405,1712592086.1861072,0.016,0.16636,0.293,0.28647
1406,1712592257.5376298,0.04,0.17591,0.257,0.28622
1407,1712593029.7398999,0.04,0.15983,0.269,0.28773
1408,1712593201.6925948,0.008,0.16712,0.261,0.28748
1409,1712593463.9166577,0.044,0.21084,0.293,0.28698
1410,1712593589.6349149,0.004,0.16913,0.265,0.28597
1411,1712593772.9170067,0.004,0.16712,0.241,0.28672
1412,1712594498.1506083,0.032,0.1543,0.257,0.28748
1413,1712594625.168512,0.032,0.18119,0.261,0.28622
1414,1712594739.7808082,0.052,0.21536,0.289,0.28597
1415,1712594899.6589942,0.044,0.17491,0.273,0.28547
1416,1712595014.6462657,0.044,0.18244,0.277,0.28471
1417,1712595741.3078415,0.044,0.17013,0.257,0.28497
1418,1712595856.006517,0.036,0.18772,0.261,0.28346
1419,1712595982.0846121,0.044,0.17943,0.269,0.28471
1420,1712596107.8132493,0.076,0.21737,0.285,0.28421
1421,1712596222.4952307,0.028,0.19425,0.265,0.28346
1422,1712596925.5474584,0.04,0.18671,0.261,0.2827
1423,1712597017.3260562,0.08,0.19576,0.285,0.28145
1424,1712597120.0635757,0.032,0.18043,0.261,0.28044
1425,1712597257.151451,0.04,0.17491,0.273,0.28044
1426,1712597360.032955,0.02,0.18872,0.277,0.28095
1427,1712598074.0467288,0.04,0.17164,0.261,0.28145
1428,1712598199.2945123,0.072,0.20305,0.281,0.27919
1429,1712598313.274302,0.044,0.17264,0.265,0.27868
1430,1712598415.698051,0.032,0.17516,0.265,0.27793
1431,1712598507.2973075,0.024,0.16109,0.241,0.27666999999999997
1432,1712599221.767241,0.032,0.16762,0.265,0.27666999999999997
1433,1712599381.1322355,0.036,0.17867,0.265,0.27542
1434,1712599495.5673914,0.04,0.16209,0.265,0.27592
1435,1712599621.6586642,0.036,0.16611,0.257,0.27592
1436,1712599770.2828076,0.036,0.16812,0.253,0.27517
1437,1712600484.3947208,0.024,0.1739,0.265,0.27441
1438,1712600588.047566,0.02,0.18043,0.261,0.27165
1439,1712600702.240914,0.02,0.18094,0.265,0.27115
1440,1712600805.1056263,0.036,0.17616,0.261,0.27165
1441,1712600976.8597646,0.024,0.17993,0.257,0.2719
1442,1712601703.2391129,0.032,0.16862,0.261,0.27115
1443,1712601817.9580057,0.024,0.17164,0.261,0.26863
1444,1712601944.3572273,0.032,0.1646,0.249,0.26713
1445,1712602060.4187942,0.032,0.17164,0.269,0.26637
1446,1712602187.5603137,0.028,0.17616,0.261,0.26662
1447,1712602879.5963988,0.024,0.15807,0.245,0.26637
1448,1712603005.14352,0.012,0.15707,0.245,0.26234999999999997
1449,1712603097.0635805,0.032,0.17164,0.257,0.26234999999999997
1450,1712603200.293643,0.024,0.15857,0.237,0.26184999999999997
1451,1712605176.18429,0.024,0.14827,0.229,0.26134999999999997
1452,1712605290.4142447,0.016,0.15732,0.257,0.25456
1453,1712605416.7801483,0.008,0.15631,0.253,0.25431
1454,1712605509.0148978,0.024,0.15305,0.241,0.25456
1455,1712605634.7374825,0.012,0.14727,0.261,0.25532
1456,1712607561.470409,0.02,0.143,0.241,0.25456
1457,1712607675.5079885,0.024,0.13596,0.249,0.24953999999999998
1458,1712607800.936322,0.016,0.13571,0.253,0.24929
1459,1712607915.8271067,0.008,0.13722,0.237,0.24802999999999997
1460,1712608041.6019125,0.012,0.15883,0.269,0.248
1461,1712609250.2761803,0.012,0.1528,0.249,0.248
1462,1712609388.9360855,0.024,0.1543,0.257,0.248
1463,1712609662.4200087,0.016,0.17616,0.253,0.248
1464,1712613410.5483494,0.016,0.143,0.225,0.248
